<?xml version = '1.0' encoding = 'UTF-8'?>
<Relation class="oracle.dbtools.crest.model.design.logical.Relation" name="ASS_HISTORY" directorySegmentName="seg_0" id="05D7A002-744F-ECC4-A38D-7536722F5B10">
<createdBy>jtan0045</createdBy>
<createdTime>2020-10-14 01:54:19 UTC</createdTime>
<ownerDesignName>fdas_logical</ownerDesignName>
<engineerTo>
<item key="8ED86A1A-F60E-F4A9-EC3A-089EC3736C89" value="true"/>
</engineerTo>
<sourcePk>6DF12F5A-C0E0-3902-D4C2-FDBE95B83FE1</sourcePk>
<identifying>true</identifying>
<nameOnSource>employed in</nameOnSource>
<optionalSource>false</optionalSource>
<optionalTarget>false</optionalTarget>
<sourceCardinality>1</sourceCardinality>
<sourceEntity>5792E583-A48E-2C1D-92A5-FE007D17ED17</sourceEntity>
<targetCardinalityString>*</targetCardinalityString>
<targetEntity>C314DCDE-1216-2411-89F0-776F423E3FEC</targetEntity>
<transferable>true</transferable>
<deleteRule>NO ACTION</deleteRule>
</Relation>
