<?xml version = '1.0' encoding = 'UTF-8'?>
<Relation class="oracle.dbtools.crest.model.design.logical.Relation" name="PROPERTY_TYPE" directorySegmentName="seg_0" id="08C5CBDA-61C6-0DE3-A54F-416C2CAF6B31">
<createdBy>jtan0045</createdBy>
<createdTime>2020-10-13 06:36:44 UTC</createdTime>
<ownerDesignName>fdas_logical</ownerDesignName>
<engineerTo>
<item key="8ED86A1A-F60E-F4A9-EC3A-089EC3736C89" value="true"/>
</engineerTo>
<sourcePk>69A59A8A-E6FA-9095-F39C-24BC35073D1E</sourcePk>
<identifying>false</identifying>
<nameOnSource>applies to</nameOnSource>
<optionalSource>true</optionalSource>
<optionalTarget>false</optionalTarget>
<sourceCardinality>1</sourceCardinality>
<sourceEntity>A4B0A3DC-2F73-143E-342D-58B97F7DD0C6</sourceEntity>
<targetCardinalityString>*</targetCardinalityString>
<targetEntity>87468C50-9FE3-4406-EFD8-C0AE7B9060EA</targetEntity>
<transferable>true</transferable>
<deleteRule>NO ACTION</deleteRule>
</Relation>
