<?xml version = '1.0' encoding = 'UTF-8'?>
<Relation class="oracle.dbtools.crest.model.design.logical.Relation" name="FIRE_EVENT_STARTS" directorySegmentName="seg_0" id="424A0A51-BE59-6427-650A-FA55059211E4">
<createdBy>jtan0045</createdBy>
<createdTime>2020-10-13 11:39:54 UTC</createdTime>
<ownerDesignName>fdas_logical</ownerDesignName>
<engineerTo>
<item key="8ED86A1A-F60E-F4A9-EC3A-089EC3736C89" value="true"/>
</engineerTo>
<targetPk>A1978C48-0629-7ACD-626E-28897D31F9BE</targetPk>
<identifying>false</identifying>
<nameOnSource>sparks</nameOnSource>
<optionalSource>true</optionalSource>
<optionalTarget>true</optionalTarget>
<sourceCardinality>1</sourceCardinality>
<sourceEntity>C74BB71D-15A6-A6C7-4DEA-C93BA3751895</sourceEntity>
<targetCardinalityString>*</targetCardinalityString>
<targetEntity>C74BB71D-15A6-A6C7-4DEA-C93BA3751895</targetEntity>
<transferable>true</transferable>
<deleteRule>NO ACTION</deleteRule>
</Relation>
