<?xml version = '1.0' encoding = 'UTF-8'?>
<Relation class="oracle.dbtools.crest.model.design.logical.Relation" name="INSURER_BUILDING" directorySegmentName="seg_0" id="528570FA-3E21-18F5-6847-81C082A869A3">
<createdBy>jtan0045</createdBy>
<createdTime>2020-10-13 11:13:04 UTC</createdTime>
<ownerDesignName>fdas_logical</ownerDesignName>
<engineerTo>
<item key="8ED86A1A-F60E-F4A9-EC3A-089EC3736C89" value="true"/>
</engineerTo>
<sourcePk>E5F65DA3-2D22-1642-57EA-1C62A59AAED5</sourcePk>
<identifying>false</identifying>
<nameOnSource>insures</nameOnSource>
<optionalSource>true</optionalSource>
<optionalTarget>true</optionalTarget>
<sourceCardinality>1</sourceCardinality>
<sourceEntity>09C6D502-9359-24BD-DFDA-43D68249063D</sourceEntity>
<targetCardinalityString>*</targetCardinalityString>
<targetEntity>CCA47CAB-3A8F-CA23-9AA4-20E4301492D0</targetEntity>
<transferable>true</transferable>
<deleteRule>NO ACTION</deleteRule>
</Relation>
