<?xml version = '1.0' encoding = 'UTF-8'?>
<Relation class="oracle.dbtools.crest.model.design.logical.Relation" name="FE_DAMAGE" directorySegmentName="seg_0" id="6414BD18-98CF-AF16-4E39-98C6344230E1">
<createdBy>jtan0045</createdBy>
<createdTime>2020-10-13 11:33:22 UTC</createdTime>
<ownerDesignName>fdas_logical</ownerDesignName>
<engineerTo>
<item key="8ED86A1A-F60E-F4A9-EC3A-089EC3736C89" value="true"/>
</engineerTo>
<sourcePk>A1978C48-0629-7ACD-626E-28897D31F9BE</sourcePk>
<identifying>false</identifying>
<nameOnSource>causes</nameOnSource>
<optionalSource>true</optionalSource>
<optionalTarget>false</optionalTarget>
<sourceCardinality>1</sourceCardinality>
<sourceEntity>C74BB71D-15A6-A6C7-4DEA-C93BA3751895</sourceEntity>
<targetCardinalityString>*</targetCardinalityString>
<targetEntity>18C967EB-F86D-F7A5-11D2-3A062A3214CC</targetEntity>
<transferable>true</transferable>
<deleteRule>NO ACTION</deleteRule>
</Relation>
