<?xml version = '1.0' encoding = 'UTF-8'?>
<Relation class="oracle.dbtools.crest.model.design.logical.Relation" name="LGA_PROPERTY" directorySegmentName="seg_0" id="742CFC58-72DD-DD77-9D20-4E952E20F838">
<createdBy>jtan0045</createdBy>
<createdTime>2020-10-13 06:23:44 UTC</createdTime>
<ownerDesignName>fdas_logical</ownerDesignName>
<engineerTo>
<item key="8ED86A1A-F60E-F4A9-EC3A-089EC3736C89" value="true"/>
</engineerTo>
<sourcePk>1F364F3B-156D-4C58-F3A5-77687E8F6A9B</sourcePk>
<identifying>false</identifying>
<nameOnSource>contains</nameOnSource>
<optionalSource>true</optionalSource>
<optionalTarget>false</optionalTarget>
<sourceCardinality>1</sourceCardinality>
<sourceEntity>653661F2-05BC-9FF4-0F42-387200D9109B</sourceEntity>
<targetCardinalityString>*</targetCardinalityString>
<targetEntity>87468C50-9FE3-4406-EFD8-C0AE7B9060EA</targetEntity>
<transferable>true</transferable>
<deleteRule>NO ACTION</deleteRule>
</Relation>
