<?xml version = '1.0' encoding = 'UTF-8'?>
<Relation class="oracle.dbtools.crest.model.design.logical.Relation" name="INS_EMP_HISTORY" directorySegmentName="seg_0" id="780479CA-594B-40F8-37D5-CA9208E00D93">
<createdBy>jtan0045</createdBy>
<createdTime>2020-10-14 02:17:23 UTC</createdTime>
<ownerDesignName>fdas_logical</ownerDesignName>
<engineerTo>
<item key="8ED86A1A-F60E-F4A9-EC3A-089EC3736C89" value="true"/>
</engineerTo>
<sourcePk>E5F65DA3-2D22-1642-57EA-1C62A59AAED5</sourcePk>
<identifying>true</identifying>
<nameOnSource>employed</nameOnSource>
<optionalSource>true</optionalSource>
<optionalTarget>false</optionalTarget>
<sourceCardinality>1</sourceCardinality>
<sourceEntity>09C6D502-9359-24BD-DFDA-43D68249063D</sourceEntity>
<targetCardinalityString>*</targetCardinalityString>
<targetEntity>C314DCDE-1216-2411-89F0-776F423E3FEC</targetEntity>
<transferable>true</transferable>
<deleteRule>NO ACTION</deleteRule>
</Relation>
