<?xml version = '1.0' encoding = 'UTF-8'?>
<Relation class="oracle.dbtools.crest.model.design.logical.Relation" name="LGA_FIRE" directorySegmentName="seg_0" id="86677CFE-DEB7-91FF-DD5D-C71700BA8178">
<createdBy>jtan0045</createdBy>
<createdTime>2020-10-13 06:41:29 UTC</createdTime>
<ownerDesignName>fdas_logical</ownerDesignName>
<engineerTo>
<item key="8ED86A1A-F60E-F4A9-EC3A-089EC3736C89" value="true"/>
</engineerTo>
<sourcePk>1F364F3B-156D-4C58-F3A5-77687E8F6A9B</sourcePk>
<identifying>true</identifying>
<nameOnSource>is affected by</nameOnSource>
<optionalSource>true</optionalSource>
<optionalTarget>false</optionalTarget>
<sourceCardinality>1</sourceCardinality>
<sourceEntity>653661F2-05BC-9FF4-0F42-387200D9109B</sourceEntity>
<targetCardinalityString>*</targetCardinalityString>
<targetEntity>F2C7F7C8-278B-7F73-CC8D-46D80D0959AA</targetEntity>
<transferable>true</transferable>
<deleteRule>NO ACTION</deleteRule>
</Relation>
