<?xml version = '1.0' encoding = 'UTF-8'?>
<Relation class="oracle.dbtools.crest.model.design.logical.Relation" name="BUILD_VISITS" directorySegmentName="seg_0" id="932759FA-2CE7-F023-7C1B-0E097D31F370">
<createdBy>jtan0045</createdBy>
<createdTime>2020-10-13 12:25:30 UTC</createdTime>
<ownerDesignName>fdas_logical</ownerDesignName>
<engineerTo>
<item key="8ED86A1A-F60E-F4A9-EC3A-089EC3736C89" value="true"/>
</engineerTo>
<sourcePk>E656486F-4400-0E56-544C-7F80EE057B4E</sourcePk>
<identifying>true</identifying>
<nameOnSource>assessed over</nameOnSource>
<optionalSource>true</optionalSource>
<optionalTarget>false</optionalTarget>
<sourceCardinality>1</sourceCardinality>
<sourceEntity>18C967EB-F86D-F7A5-11D2-3A062A3214CC</sourceEntity>
<targetCardinalityString>*</targetCardinalityString>
<targetEntity>B713F06F-98FF-9CF9-F3A1-187B8BDBDBBE</targetEntity>
<transferable>true</transferable>
<deleteRule>NO ACTION</deleteRule>
</Relation>
