<?xml version = '1.0' encoding = 'UTF-8'?>
<Relation class="oracle.dbtools.crest.model.design.logical.Relation" name="OWNER_PROPERTY" directorySegmentName="seg_0" id="95F39574-429F-40D0-C0CA-0328139CAF6F">
<createdBy>jtan0045</createdBy>
<createdTime>2020-10-13 06:24:42 UTC</createdTime>
<ownerDesignName>fdas_logical</ownerDesignName>
<engineerTo>
<item key="8ED86A1A-F60E-F4A9-EC3A-089EC3736C89" value="true"/>
</engineerTo>
<sourcePk>41AB47C5-0006-2D59-CC39-8EBD418FD408</sourcePk>
<identifying>false</identifying>
<nameOnSource>owns</nameOnSource>
<optionalSource>false</optionalSource>
<optionalTarget>false</optionalTarget>
<sourceCardinality>1</sourceCardinality>
<sourceEntity>FABB1E48-F6DA-F9AD-1CE9-DFF42C1FFC6B</sourceEntity>
<targetCardinalityString>*</targetCardinalityString>
<targetEntity>87468C50-9FE3-4406-EFD8-C0AE7B9060EA</targetEntity>
<transferable>true</transferable>
<deleteRule>NO ACTION</deleteRule>
</Relation>
