<?xml version = '1.0' encoding = 'UTF-8'?>
<Relation class="oracle.dbtools.crest.model.design.logical.Relation" name="PROP_BUILD" directorySegmentName="seg_0" id="AECB9C3F-9FC9-D2A8-79BA-3B982B6B093B">
<createdBy>jtan0045</createdBy>
<createdTime>2020-10-13 06:46:28 UTC</createdTime>
<ownerDesignName>fdas_logical</ownerDesignName>
<engineerTo>
<item key="8ED86A1A-F60E-F4A9-EC3A-089EC3736C89" value="true"/>
</engineerTo>
<sourcePk>72E15DE9-52AD-DBFC-142A-2769AC08C773</sourcePk>
<identifying>true</identifying>
<nameOnSource>contains</nameOnSource>
<optionalSource>true</optionalSource>
<optionalTarget>false</optionalTarget>
<sourceCardinality>1</sourceCardinality>
<sourceEntity>87468C50-9FE3-4406-EFD8-C0AE7B9060EA</sourceEntity>
<targetCardinalityString>*</targetCardinalityString>
<targetEntity>CCA47CAB-3A8F-CA23-9AA4-20E4301492D0</targetEntity>
<transferable>true</transferable>
<deleteRule>NO ACTION</deleteRule>
</Relation>
