<?xml version = '1.0' encoding = 'UTF-8'?>
<Relation class="oracle.dbtools.crest.model.design.logical.Relation" name="BUILD_DAMAGE" directorySegmentName="seg_0" id="B73F8A9D-4E9E-B0BE-40AA-9021DA091C1B">
<createdBy>jtan0045</createdBy>
<createdTime>2020-10-13 11:32:37 UTC</createdTime>
<ownerDesignName>fdas_logical</ownerDesignName>
<engineerTo>
<item key="8ED86A1A-F60E-F4A9-EC3A-089EC3736C89" value="true"/>
</engineerTo>
<sourcePk>910DF565-BF8B-3CCC-0624-7082F670486E</sourcePk>
<identifying>false</identifying>
<nameOnSource>incurs</nameOnSource>
<optionalSource>true</optionalSource>
<optionalTarget>false</optionalTarget>
<sourceCardinality>1</sourceCardinality>
<sourceEntity>CCA47CAB-3A8F-CA23-9AA4-20E4301492D0</sourceEntity>
<targetCardinalityString>*</targetCardinalityString>
<targetEntity>18C967EB-F86D-F7A5-11D2-3A062A3214CC</targetEntity>
<transferable>true</transferable>
<deleteRule>NO ACTION</deleteRule>
</Relation>
