<?xml version = '1.0' encoding = 'UTF-8'?>
<Relation class="oracle.dbtools.crest.model.design.logical.Relation" name="INS_EMPLOYMENT" directorySegmentName="seg_0" id="D278DA8E-2EED-546D-422F-04DF99CB3BBD">
<createdBy>jtan0045</createdBy>
<createdTime>2020-10-13 12:02:13 UTC</createdTime>
<ownerDesignName>fdas_logical</ownerDesignName>
<engineerTo>
<item key="8ED86A1A-F60E-F4A9-EC3A-089EC3736C89" value="true"/>
</engineerTo>
<sourcePk>E5F65DA3-2D22-1642-57EA-1C62A59AAED5</sourcePk>
<identifying>false</identifying>
<nameOnSource>employs</nameOnSource>
<optionalSource>true</optionalSource>
<optionalTarget>false</optionalTarget>
<sourceCardinality>1</sourceCardinality>
<sourceEntity>09C6D502-9359-24BD-DFDA-43D68249063D</sourceEntity>
<targetCardinalityString>*</targetCardinalityString>
<targetEntity>5792E583-A48E-2C1D-92A5-FE007D17ED17</targetEntity>
<transferable>true</transferable>
<deleteRule>NO ACTION</deleteRule>
</Relation>
