<?xml version = '1.0' encoding = 'UTF-8'?>
<Relation class="oracle.dbtools.crest.model.design.logical.Relation" name="ASSIGN_ASSESSOR" directorySegmentName="seg_0" id="ECCB8296-C6D9-5D11-99C8-113DD90D4A95">
<createdBy>jtan0045</createdBy>
<createdTime>2020-10-13 12:02:45 UTC</createdTime>
<ownerDesignName>fdas_logical</ownerDesignName>
<engineerTo>
<item key="8ED86A1A-F60E-F4A9-EC3A-089EC3736C89" value="true"/>
</engineerTo>
<sourcePk>6DF12F5A-C0E0-3902-D4C2-FDBE95B83FE1</sourcePk>
<identifying>false</identifying>
<nameOnSource>assigned to</nameOnSource>
<optionalSource>true</optionalSource>
<optionalTarget>true</optionalTarget>
<sourceCardinality>1</sourceCardinality>
<sourceEntity>5792E583-A48E-2C1D-92A5-FE007D17ED17</sourceEntity>
<targetCardinalityString>*</targetCardinalityString>
<targetEntity>18C967EB-F86D-F7A5-11D2-3A062A3214CC</targetEntity>
<transferable>true</transferable>
<deleteRule>NO ACTION</deleteRule>
</Relation>
