<?xml version = '1.0' encoding = 'UTF-8'?>
<Relation class="oracle.dbtools.crest.model.design.logical.Relation" name="FE_LGA" directorySegmentName="seg_0" id="F9247152-2E9C-435D-BA49-4393E81A96F1">
<createdBy>jtan0045</createdBy>
<createdTime>2020-10-13 06:42:06 UTC</createdTime>
<ownerDesignName>fdas_logical</ownerDesignName>
<engineerTo>
<item key="8ED86A1A-F60E-F4A9-EC3A-089EC3736C89" value="true"/>
</engineerTo>
<sourcePk>A1978C48-0629-7ACD-626E-28897D31F9BE</sourcePk>
<identifying>true</identifying>
<nameOnSource>affects</nameOnSource>
<optionalSource>true</optionalSource>
<optionalTarget>false</optionalTarget>
<sourceCardinality>1</sourceCardinality>
<sourceEntity>C74BB71D-15A6-A6C7-4DEA-C93BA3751895</sourceEntity>
<targetCardinalityString>*</targetCardinalityString>
<targetEntity>F2C7F7C8-278B-7F73-CC8D-46D80D0959AA</targetEntity>
<transferable>true</transferable>
<deleteRule>NO ACTION</deleteRule>
</Relation>
