<?xml version = '1.0' encoding = 'UTF-8'?>
<Entity class="oracle.dbtools.crest.model.design.logical.Entity" directorySegmentName="seg_0" id="09C6D502-9359-24BD-DFDA-43D68249063D" name="INSURER">
<createdBy>jtan0045</createdBy>
<createdTime>2020-10-13 10:56:01 UTC</createdTime>
<ownerDesignName>fdas_logical</ownerDesignName>
<engineerTo>
<item key="8ED86A1A-F60E-F4A9-EC3A-089EC3736C89" value="true"/>
</engineerTo>
<adequatelyNormalized>NO</adequatelyNormalized>
<expectedVolumes>0</expectedVolumes>
<fwdEngineeringStrategyName>Single Table</fwdEngineeringStrategyName>
<growthPercent>0</growthPercent>
<growthType>Year</growthType>
<maxVolumes>9999999</maxVolumes>
<minVolumes>0</minVolumes>
<normalForm>Third</normalForm>
<attributes itemClass="oracle.dbtools.crest.model.design.logical.Attribute">
<Attribute name="ins_code" id="B847751D-5304-F356-4FEF-01E3842215B1">
<createdBy>jtan0045</createdBy>
<createdTime>2020-10-13 10:56:09 UTC</createdTime>
<commentInRDBMS><![CDATA[Unique identifier that distinguishes insurance companies]]></commentInRDBMS>
<ownerDesignName>fdas_logical</ownerDesignName>
<engineerTo>
<item key="8ED86A1A-F60E-F4A9-EC3A-089EC3736C89" value="true"/>
</engineerTo>
<useDomainConstraints>false</useDomainConstraints>
<use>1</use>
<logicalDatatype>LOGDT024</logicalDatatype>
<dataTypeSize>9</dataTypeSize>
<ownDataTypeParameters>9,,</ownDataTypeParameters>
</Attribute>
<Attribute name="ins_name" id="5EC53A53-A304-5AE7-AE27-082FD2E69920">
<createdBy>jtan0045</createdBy>
<createdTime>2020-10-13 11:07:12 UTC</createdTime>
<commentInRDBMS><![CDATA[Name of insurance company]]></commentInRDBMS>
<ownerDesignName>fdas_logical</ownerDesignName>
<engineerTo>
<item key="8ED86A1A-F60E-F4A9-EC3A-089EC3736C89" value="true"/>
</engineerTo>
<useDomainConstraints>false</useDomainConstraints>
<use>1</use>
<logicalDatatype>LOGDT024</logicalDatatype>
<dataTypeSize>30</dataTypeSize>
<ownDataTypeParameters>30,,</ownDataTypeParameters>
</Attribute>
<Attribute name="ins_phoneno" id="CEE62078-95AC-4CA9-BBEA-EA9A824E3145">
<createdBy>jtan0045</createdBy>
<createdTime>2020-10-13 11:07:29 UTC</createdTime>
<commentInRDBMS><![CDATA[Insurance company phone number]]></commentInRDBMS>
<ownerDesignName>fdas_logical</ownerDesignName>
<engineerTo>
<item key="8ED86A1A-F60E-F4A9-EC3A-089EC3736C89" value="true"/>
</engineerTo>
<useDomainConstraints>false</useDomainConstraints>
<use>1</use>
<logicalDatatype>LOGDT024</logicalDatatype>
<dataTypeSize>10</dataTypeSize>
<ownDataTypeParameters>10,,</ownDataTypeParameters>
</Attribute>
</attributes>
<identifiers itemClass="oracle.dbtools.crest.model.design.logical.CandidateKey">
<identifier id="E5F65DA3-2D22-1642-57EA-1C62A59AAED5" name="INSURER PK">
<createdBy>jtan0045</createdBy>
<createdTime>2020-10-13 11:06:00 UTC</createdTime>
<ownerDesignName>fdas_logical</ownerDesignName>
<engineerTo>
<item key="8ED86A1A-F60E-F4A9-EC3A-089EC3736C89" value="true"/>
</engineerTo>
<pk>true</pk>
<usedAttributes>
<attributeRef>B847751D-5304-F356-4FEF-01E3842215B1</attributeRef>
</usedAttributes>
</identifier>
</identifiers>
</Entity>
