<?xml version = '1.0' encoding = 'UTF-8'?>
<Entity class="oracle.dbtools.crest.model.design.logical.Entity" directorySegmentName="seg_0" id="18C967EB-F86D-F7A5-11D2-3A062A3214CC" name="FE_BUILD_DAMAGE">
<createdBy>jtan0045</createdBy>
<createdTime>2020-10-13 11:28:25 UTC</createdTime>
<ownerDesignName>fdas_logical</ownerDesignName>
<engineerTo>
<item key="8ED86A1A-F60E-F4A9-EC3A-089EC3736C89" value="true"/>
</engineerTo>
<adequatelyNormalized>NO</adequatelyNormalized>
<expectedVolumes>0</expectedVolumes>
<fwdEngineeringStrategyName>Single Table</fwdEngineeringStrategyName>
<growthPercent>0</growthPercent>
<growthType>Year</growthType>
<maxVolumes>9999999</maxVolumes>
<minVolumes>0</minVolumes>
<normalForm>Third</normalForm>
<attributes itemClass="oracle.dbtools.crest.model.design.logical.Attribute">
<Attribute name="febd_id" id="FF7C2E4D-B9E7-8573-08E0-595E0623D1F3">
<createdBy>jtan0045</createdBy>
<createdTime>2020-10-13 12:25:57 UTC</createdTime>
<ownerDesignName>fdas_logical</ownerDesignName>
<engineerTo>
<item key="8ED86A1A-F60E-F4A9-EC3A-089EC3736C89" value="true"/>
</engineerTo>
<useDomainConstraints>false</useDomainConstraints>
<use>1</use>
<logicalDatatype>LOGDT019</logicalDatatype>
<dataTypePrecision>6</dataTypePrecision>
<ownDataTypeParameters>,6,</ownDataTypeParameters>
</Attribute>
<Attribute name="fe_id" id="1989AA5F-80F4-8E31-D21E-D89ABEF27317">
<createdBy>jtan0045</createdBy>
<createdTime>2020-10-13 11:33:22 UTC</createdTime>
<commentInRDBMS><![CDATA[Unique identifier of fire event]]></commentInRDBMS>
<generatorID>6414BD18-98CF-AF16-4E39-98C6344230E1</generatorID>
<ownerDesignName>fdas_logical</ownerDesignName>
<engineerTo>
<item key="8ED86A1A-F60E-F4A9-EC3A-089EC3736C89" value="true"/>
</engineerTo>
<referedAttribute>46C454C9-13C2-50A6-081E-2DB4E886CC3A</referedAttribute>
<useDomainConstraints>false</useDomainConstraints>
<use>1</use>
<logicalDatatype>LOGDT025</logicalDatatype>
<dataTypeSize>9</dataTypeSize>
<ownDataTypeParameters>9,,</ownDataTypeParameters>
</Attribute>
<Attribute name="febd_dam_cost" id="08C5142F-B1B9-9500-E1E7-0B8C9B8ADEB3">
<createdBy>jtan0045</createdBy>
<createdTime>2020-10-13 11:28:40 UTC</createdTime>
<commentInRDBMS><![CDATA[Building damage costs incurred by fire in dollars]]></commentInRDBMS>
<ownerDesignName>fdas_logical</ownerDesignName>
<engineerTo>
<item key="8ED86A1A-F60E-F4A9-EC3A-089EC3736C89" value="true"/>
</engineerTo>
<useDomainConstraints>false</useDomainConstraints>
<use>1</use>
<logicalDatatype>LOGDT019</logicalDatatype>
<dataTypePrecision>10</dataTypePrecision>
<dataTypeScale>2</dataTypeScale>
<ownDataTypeParameters>,10,2</ownDataTypeParameters>
</Attribute>
<Attribute name="febd_total_destroy" id="0E89F456-34E5-96C7-702D-2914C5F77D7A">
<createdBy>jtan0045</createdBy>
<createdTime>2020-10-13 11:30:26 UTC</createdTime>
<commentInRDBMS><![CDATA[Whether or not the building is totally destroyed]]></commentInRDBMS>
<ownerDesignName>fdas_logical</ownerDesignName>
<engineerTo>
<item key="8ED86A1A-F60E-F4A9-EC3A-089EC3736C89" value="true"/>
</engineerTo>
<constraintName>chk_total_destroy</constraintName>
<useDomainConstraints>false</useDomainConstraints>
<use>1</use>
<logicalDatatype>LOGDT025</logicalDatatype>
<dataTypeSize>1</dataTypeSize>
<listOfValues>
<valueDef value="N" description="No"/>
<valueDef value="Y" description="Yes"/>
</listOfValues>
<ownDataTypeParameters>1,,</ownDataTypeParameters>
</Attribute>
<Attribute name="febd_ins_cov" id="EC77100D-DB26-379B-ECA7-74B49C05BA6B">
<createdBy>jtan0045</createdBy>
<createdTime>2020-10-13 11:31:48 UTC</createdTime>
<commentInRDBMS><![CDATA[Whether or not the incurred fire damage is covered by insurance]]></commentInRDBMS>
<ownerDesignName>fdas_logical</ownerDesignName>
<engineerTo>
<item key="8ED86A1A-F60E-F4A9-EC3A-089EC3736C89" value="true"/>
</engineerTo>
<useDomainConstraints>false</useDomainConstraints>
<use>1</use>
<logicalDatatype>LOGDT025</logicalDatatype>
<dataTypeSize>1</dataTypeSize>
<listOfValues>
<valueDef value="N" description="No, building has no insurance cover"/>
<valueDef value="Y" description="Yes, building has an insurance cover"/>
</listOfValues>
<ownDataTypeParameters>1,,</ownDataTypeParameters>
</Attribute>
<Attribute name="build_id" id="CFEF3630-0333-912A-5107-6E1037CB27D5">
<createdBy>jtan0045</createdBy>
<createdTime>2020-10-13 12:40:38 UTC</createdTime>
<commentInRDBMS><![CDATA[Unique identifier for every building across every property]]></commentInRDBMS>
<generatorID>B73F8A9D-4E9E-B0BE-40AA-9021DA091C1B</generatorID>
<ownerDesignName>fdas_logical</ownerDesignName>
<engineerTo>
<item key="8ED86A1A-F60E-F4A9-EC3A-089EC3736C89" value="true"/>
</engineerTo>
<referedAttribute>356E9B18-F044-3C47-EC13-871BCA2EA124</referedAttribute>
<useDomainConstraints>false</useDomainConstraints>
<use>1</use>
<logicalDatatype>LOGDT019</logicalDatatype>
<dataTypePrecision>7</dataTypePrecision>
<ownDataTypeParameters>,7,</ownDataTypeParameters>
</Attribute>
<Attribute name="ass_id" id="493D1C16-563B-D74F-7977-5A45531EC2EF">
<createdBy>jtan0045</createdBy>
<createdTime>2020-10-14 01:47:36 UTC</createdTime>
<commentInRDBMS><![CDATA[Unique identifer of assessor]]></commentInRDBMS>
<generatorID>ECCB8296-C6D9-5D11-99C8-113DD90D4A95</generatorID>
<ownerDesignName>fdas_logical</ownerDesignName>
<engineerTo>
<item key="8ED86A1A-F60E-F4A9-EC3A-089EC3736C89" value="true"/>
</engineerTo>
<nullsAllowed>true</nullsAllowed>
<referedAttribute>81818D44-01BF-A93B-A3EE-C560BD179E0E</referedAttribute>
<useDomainConstraints>false</useDomainConstraints>
<use>1</use>
<logicalDatatype>LOGDT024</logicalDatatype>
<dataTypeSize>4</dataTypeSize>
<ownDataTypeParameters>4,,</ownDataTypeParameters>
</Attribute>
</attributes>
<identifiers itemClass="oracle.dbtools.crest.model.design.logical.CandidateKey">
<identifier id="E656486F-4400-0E56-544C-7F80EE057B4E" name="FE_BUILD_DAMAGE PK">
<createdBy>jtan0045</createdBy>
<createdTime>2020-10-13 11:33:45 UTC</createdTime>
<ownerDesignName>fdas_logical</ownerDesignName>
<engineerTo>
<item key="8ED86A1A-F60E-F4A9-EC3A-089EC3736C89" value="true"/>
</engineerTo>
<pk>true</pk>
<usedAttributes>
<attributeRef>FF7C2E4D-B9E7-8573-08E0-595E0623D1F3</attributeRef>
</usedAttributes>
</identifier>
<identifier id="A4A30701-9FD4-06AA-BB2E-F5BCD3CC5DCF" name="FE_BUILD_DAMAGE NK">
<createdBy>jtan0045</createdBy>
<createdTime>2020-10-13 12:27:33 UTC</createdTime>
<ownerDesignName>fdas_logical</ownerDesignName>
<engineerTo>
<item key="8ED86A1A-F60E-F4A9-EC3A-089EC3736C89" value="true"/>
</engineerTo>
<newElementsIDs>B73F8A9D-4E9E-B0BE-40AA-9021DA091C1B,6414BD18-98CF-AF16-4E39-98C6344230E1</newElementsIDs>
<usedAttributes>
<attributeRef>CFEF3630-0333-912A-5107-6E1037CB27D5</attributeRef>
<attributeRef>1989AA5F-80F4-8E31-D21E-D89ABEF27317</attributeRef>
</usedAttributes>
</identifier>
</identifiers>
</Entity>
