<?xml version = '1.0' encoding = 'UTF-8'?>
<Entity class="oracle.dbtools.crest.model.design.logical.Entity" directorySegmentName="seg_0" id="5792E583-A48E-2C1D-92A5-FE007D17ED17" name="ASSESSOR">
<createdBy>jtan0045</createdBy>
<createdTime>2020-10-13 11:14:40 UTC</createdTime>
<ownerDesignName>fdas_logical</ownerDesignName>
<engineerTo>
<item key="8ED86A1A-F60E-F4A9-EC3A-089EC3736C89" value="true"/>
</engineerTo>
<adequatelyNormalized>NO</adequatelyNormalized>
<expectedVolumes>0</expectedVolumes>
<fwdEngineeringStrategyName>Single Table</fwdEngineeringStrategyName>
<growthPercent>0</growthPercent>
<growthType>Year</growthType>
<maxVolumes>9999999</maxVolumes>
<minVolumes>0</minVolumes>
<normalForm>Third</normalForm>
<attributes itemClass="oracle.dbtools.crest.model.design.logical.Attribute">
<Attribute name="ass_id" id="81818D44-01BF-A93B-A3EE-C560BD179E0E">
<createdBy>jtan0045</createdBy>
<createdTime>2020-10-13 11:14:46 UTC</createdTime>
<commentInRDBMS><![CDATA[Unique identifer of assessor]]></commentInRDBMS>
<ownerDesignName>fdas_logical</ownerDesignName>
<engineerTo>
<item key="8ED86A1A-F60E-F4A9-EC3A-089EC3736C89" value="true"/>
</engineerTo>
<useDomainConstraints>false</useDomainConstraints>
<use>1</use>
<logicalDatatype>LOGDT024</logicalDatatype>
<dataTypeSize>4</dataTypeSize>
<ownDataTypeParameters>4,,</ownDataTypeParameters>
</Attribute>
<Attribute name="ass_gname" id="44D60FDB-6819-07B7-AA8E-9EC7F28D3C54">
<createdBy>jtan0045</createdBy>
<createdTime>2020-10-13 11:15:17 UTC</createdTime>
<commentInRDBMS><![CDATA[Assessor's given name]]></commentInRDBMS>
<ownerDesignName>fdas_logical</ownerDesignName>
<engineerTo>
<item key="8ED86A1A-F60E-F4A9-EC3A-089EC3736C89" value="true"/>
</engineerTo>
<useDomainConstraints>false</useDomainConstraints>
<use>1</use>
<logicalDatatype>LOGDT024</logicalDatatype>
<dataTypeSize>20</dataTypeSize>
<ownDataTypeParameters>20,,</ownDataTypeParameters>
</Attribute>
<Attribute name="ass_fname" id="F6E5885A-5E1E-86A3-61D1-D4449754959B">
<createdBy>jtan0045</createdBy>
<createdTime>2020-10-13 11:15:49 UTC</createdTime>
<commentInRDBMS><![CDATA[Assessor's family name]]></commentInRDBMS>
<ownerDesignName>fdas_logical</ownerDesignName>
<engineerTo>
<item key="8ED86A1A-F60E-F4A9-EC3A-089EC3736C89" value="true"/>
</engineerTo>
<useDomainConstraints>false</useDomainConstraints>
<use>1</use>
<logicalDatatype>LOGDT024</logicalDatatype>
<dataTypeSize>20</dataTypeSize>
<ownDataTypeParameters>20,,</ownDataTypeParameters>
</Attribute>
<Attribute name="ass_phoneno" id="0BB002B1-577A-15CB-7D96-C565C268B18F">
<createdBy>jtan0045</createdBy>
<createdTime>2020-10-13 11:16:38 UTC</createdTime>
<commentInRDBMS><![CDATA[Assessor's contact number]]></commentInRDBMS>
<ownerDesignName>fdas_logical</ownerDesignName>
<engineerTo>
<item key="8ED86A1A-F60E-F4A9-EC3A-089EC3736C89" value="true"/>
</engineerTo>
<useDomainConstraints>false</useDomainConstraints>
<use>1</use>
<logicalDatatype>LOGDT024</logicalDatatype>
<dataTypeSize>10</dataTypeSize>
<ownDataTypeParameters>10,,</ownDataTypeParameters>
</Attribute>
<Attribute name="curr_ins_code" id="6755DF7F-FCA7-649E-BED7-5528C9D54C45">
<createdBy>jtan0045</createdBy>
<createdTime>2020-10-14 01:46:47 UTC</createdTime>
<commentInRDBMS><![CDATA[Unique identifier that distinguishes insurance companies]]></commentInRDBMS>
<generatorID>D278DA8E-2EED-546D-422F-04DF99CB3BBD</generatorID>
<ownerDesignName>fdas_logical</ownerDesignName>
<engineerTo>
<item key="8ED86A1A-F60E-F4A9-EC3A-089EC3736C89" value="true"/>
</engineerTo>
<referedAttribute>B847751D-5304-F356-4FEF-01E3842215B1</referedAttribute>
<useDomainConstraints>false</useDomainConstraints>
<use>1</use>
<logicalDatatype>LOGDT024</logicalDatatype>
<dataTypeSize>9</dataTypeSize>
<ownDataTypeParameters>9,,</ownDataTypeParameters>
</Attribute>
</attributes>
<identifiers itemClass="oracle.dbtools.crest.model.design.logical.CandidateKey">
<identifier id="6DF12F5A-C0E0-3902-D4C2-FDBE95B83FE1" name="ASSESSOR PK">
<createdBy>jtan0045</createdBy>
<createdTime>2020-10-13 11:14:55 UTC</createdTime>
<ownerDesignName>fdas_logical</ownerDesignName>
<engineerTo>
<item key="8ED86A1A-F60E-F4A9-EC3A-089EC3736C89" value="true"/>
</engineerTo>
<pk>true</pk>
<usedAttributes>
<attributeRef>81818D44-01BF-A93B-A3EE-C560BD179E0E</attributeRef>
</usedAttributes>
</identifier>
</identifiers>
</Entity>
