<?xml version = '1.0' encoding = 'UTF-8'?>
<Entity class="oracle.dbtools.crest.model.design.logical.Entity" directorySegmentName="seg_0" id="653661F2-05BC-9FF4-0F42-387200D9109B" name="LOCAL_GOV_AREA">
<createdBy>jtan0045</createdBy>
<createdTime>2020-10-13 06:10:47 UTC</createdTime>
<ownerDesignName>fdas_logical</ownerDesignName>
<engineerTo>
<item key="8ED86A1A-F60E-F4A9-EC3A-089EC3736C89" value="true"/>
</engineerTo>
<adequatelyNormalized>NO</adequatelyNormalized>
<expectedVolumes>0</expectedVolumes>
<fwdEngineeringStrategyName>Single Table</fwdEngineeringStrategyName>
<growthPercent>0</growthPercent>
<growthType>Year</growthType>
<maxVolumes>9999999</maxVolumes>
<minVolumes>0</minVolumes>
<normalForm>Third</normalForm>
<attributes itemClass="oracle.dbtools.crest.model.design.logical.Attribute">
<Attribute name="lga_code" id="6129CA41-A42E-4704-A01A-9377C105BC72">
<createdBy>jtan0045</createdBy>
<createdTime>2020-10-13 06:10:58 UTC</createdTime>
<commentInRDBMS><![CDATA[Unique code identifying a local government area]]></commentInRDBMS>
<ownerDesignName>fdas_logical</ownerDesignName>
<engineerTo>
<item key="8ED86A1A-F60E-F4A9-EC3A-089EC3736C89" value="true"/>
</engineerTo>
<useDomainConstraints>false</useDomainConstraints>
<use>1</use>
<logicalDatatype>LOGDT019</logicalDatatype>
<dataTypePrecision>3</dataTypePrecision>
<ownDataTypeParameters>,3,</ownDataTypeParameters>
</Attribute>
<Attribute name="lga_name" id="28192FCE-142E-D23E-EA48-49CE7D988D71">
<createdBy>jtan0045</createdBy>
<createdTime>2020-10-13 06:12:18 UTC</createdTime>
<commentInRDBMS><![CDATA[Name of local government area]]></commentInRDBMS>
<ownerDesignName>fdas_logical</ownerDesignName>
<engineerTo>
<item key="8ED86A1A-F60E-F4A9-EC3A-089EC3736C89" value="true"/>
</engineerTo>
<useDomainConstraints>false</useDomainConstraints>
<use>1</use>
<logicalDatatype>LOGDT024</logicalDatatype>
<dataTypeSize>30</dataTypeSize>
<ownDataTypeParameters>30,,</ownDataTypeParameters>
</Attribute>
<Attribute name="lga_size_ha" id="DFEA7B05-3F4F-0AA0-E9B1-F325389194A2">
<createdBy>jtan0045</createdBy>
<createdTime>2020-10-13 06:12:35 UTC</createdTime>
<commentInRDBMS><![CDATA[Size of the local government area in hectares]]></commentInRDBMS>
<ownerDesignName>fdas_logical</ownerDesignName>
<engineerTo>
<item key="8ED86A1A-F60E-F4A9-EC3A-089EC3736C89" value="true"/>
</engineerTo>
<useDomainConstraints>false</useDomainConstraints>
<use>1</use>
<logicalDatatype>LOGDT019</logicalDatatype>
<dataTypePrecision>8</dataTypePrecision>
<dataTypeScale>2</dataTypeScale>
<ownDataTypeParameters>,8,2</ownDataTypeParameters>
</Attribute>
<Attribute name="lga_ceo_name" id="A49B1D8E-4184-41FC-D6FC-AEB759840232">
<createdBy>jtan0045</createdBy>
<createdTime>2020-10-13 06:13:17 UTC</createdTime>
<commentInRDBMS><![CDATA[Full name of the local government area's CEO]]></commentInRDBMS>
<ownerDesignName>fdas_logical</ownerDesignName>
<engineerTo>
<item key="8ED86A1A-F60E-F4A9-EC3A-089EC3736C89" value="true"/>
</engineerTo>
<useDomainConstraints>false</useDomainConstraints>
<use>1</use>
<logicalDatatype>LOGDT024</logicalDatatype>
<dataTypeSize>50</dataTypeSize>
<ownDataTypeParameters>50,,</ownDataTypeParameters>
</Attribute>
<Attribute name="lga_bf_phoneno" id="9849E3CE-0530-2FE2-4F2A-A11DD06BF6D1">
<createdBy>jtan0045</createdBy>
<createdTime>2020-10-13 06:14:07 UTC</createdTime>
<commentInRDBMS><![CDATA[Local government area bushfire emergency contact number]]></commentInRDBMS>
<ownerDesignName>fdas_logical</ownerDesignName>
<engineerTo>
<item key="8ED86A1A-F60E-F4A9-EC3A-089EC3736C89" value="true"/>
</engineerTo>
<useDomainConstraints>false</useDomainConstraints>
<use>1</use>
<logicalDatatype>LOGDT025</logicalDatatype>
<dataTypeSize>10</dataTypeSize>
<ownDataTypeParameters>10,,</ownDataTypeParameters>
</Attribute>
</attributes>
<identifiers itemClass="oracle.dbtools.crest.model.design.logical.CandidateKey">
<identifier id="1F364F3B-156D-4C58-F3A5-77687E8F6A9B" name="LOCAL_GOV_AREA PK">
<createdBy>jtan0045</createdBy>
<createdTime>2020-10-13 06:12:05 UTC</createdTime>
<ownerDesignName>fdas_logical</ownerDesignName>
<engineerTo>
<item key="8ED86A1A-F60E-F4A9-EC3A-089EC3736C89" value="true"/>
</engineerTo>
<pk>true</pk>
<usedAttributes>
<attributeRef>6129CA41-A42E-4704-A01A-9377C105BC72</attributeRef>
</usedAttributes>
</identifier>
</identifiers>
</Entity>
