<?xml version = '1.0' encoding = 'UTF-8'?>
<Entity class="oracle.dbtools.crest.model.design.logical.Entity" directorySegmentName="seg_0" id="87468C50-9FE3-4406-EFD8-C0AE7B9060EA" name="PROPERTY">
<createdBy>jtan0045</createdBy>
<createdTime>2020-10-13 06:23:31 UTC</createdTime>
<ownerDesignName>fdas_logical</ownerDesignName>
<engineerTo>
<item key="8ED86A1A-F60E-F4A9-EC3A-089EC3736C89" value="true"/>
</engineerTo>
<adequatelyNormalized>NO</adequatelyNormalized>
<expectedVolumes>0</expectedVolumes>
<fwdEngineeringStrategyName>Single Table</fwdEngineeringStrategyName>
<growthPercent>0</growthPercent>
<growthType>Year</growthType>
<maxVolumes>9999999</maxVolumes>
<minVolumes>0</minVolumes>
<normalForm>Third</normalForm>
<attributes itemClass="oracle.dbtools.crest.model.design.logical.Attribute">
<Attribute name="prop_id" id="CB2BC503-5FB0-A115-FE74-CB959D2C4550">
<createdBy>jtan0045</createdBy>
<createdTime>2020-10-13 06:27:40 UTC</createdTime>
<commentInRDBMS><![CDATA[Unique national property ID]]></commentInRDBMS>
<ownerDesignName>fdas_logical</ownerDesignName>
<engineerTo>
<item key="8ED86A1A-F60E-F4A9-EC3A-089EC3736C89" value="true"/>
</engineerTo>
<useDomainConstraints>false</useDomainConstraints>
<use>1</use>
<logicalDatatype>LOGDT019</logicalDatatype>
<dataTypePrecision>8</dataTypePrecision>
<ownDataTypeParameters>,8,</ownDataTypeParameters>
</Attribute>
<Attribute name="prop_street" id="76687CC9-674E-161C-E205-7817C8D7CE35">
<createdBy>jtan0045</createdBy>
<createdTime>2020-10-13 06:28:34 UTC</createdTime>
<commentInRDBMS><![CDATA[Street component of property address]]></commentInRDBMS>
<ownerDesignName>fdas_logical</ownerDesignName>
<engineerTo>
<item key="8ED86A1A-F60E-F4A9-EC3A-089EC3736C89" value="true"/>
</engineerTo>
<useDomainConstraints>false</useDomainConstraints>
<use>1</use>
<logicalDatatype>LOGDT024</logicalDatatype>
<dataTypeSize>30</dataTypeSize>
<ownDataTypeParameters>30,,</ownDataTypeParameters>
</Attribute>
<Attribute name="prop_town" id="25C473C8-4FE7-4D55-4868-A48E9F6852C8">
<createdBy>jtan0045</createdBy>
<createdTime>2020-10-13 06:29:27 UTC</createdTime>
<commentInRDBMS><![CDATA[Town component of property address]]></commentInRDBMS>
<ownerDesignName>fdas_logical</ownerDesignName>
<engineerTo>
<item key="8ED86A1A-F60E-F4A9-EC3A-089EC3736C89" value="true"/>
</engineerTo>
<useDomainConstraints>false</useDomainConstraints>
<use>1</use>
<logicalDatatype>LOGDT024</logicalDatatype>
<dataTypeSize>20</dataTypeSize>
<ownDataTypeParameters>20,,</ownDataTypeParameters>
</Attribute>
<Attribute name="prop_postcode" id="637FFB79-0175-FBCD-2A30-5BEBD33DB9AB">
<createdBy>jtan0045</createdBy>
<createdTime>2020-10-13 06:30:01 UTC</createdTime>
<commentInRDBMS><![CDATA[Postcode component of property address]]></commentInRDBMS>
<ownerDesignName>fdas_logical</ownerDesignName>
<engineerTo>
<item key="8ED86A1A-F60E-F4A9-EC3A-089EC3736C89" value="true"/>
</engineerTo>
<useDomainConstraints>false</useDomainConstraints>
<use>1</use>
<logicalDatatype>LOGDT025</logicalDatatype>
<dataTypeSize>4</dataTypeSize>
<ownDataTypeParameters>4,,</ownDataTypeParameters>
</Attribute>
<Attribute name="prop_size_ha" id="1F4D2370-111D-06FD-249E-E14CC4BCE946">
<createdBy>jtan0045</createdBy>
<createdTime>2020-10-13 06:33:00 UTC</createdTime>
<commentInRDBMS><![CDATA[The size of the property in hectares]]></commentInRDBMS>
<ownerDesignName>fdas_logical</ownerDesignName>
<engineerTo>
<item key="8ED86A1A-F60E-F4A9-EC3A-089EC3736C89" value="true"/>
</engineerTo>
<nullsAllowed>true</nullsAllowed>
<useDomainConstraints>false</useDomainConstraints>
<use>1</use>
<logicalDatatype>LOGDT019</logicalDatatype>
<dataTypePrecision>9</dataTypePrecision>
<dataTypeScale>2</dataTypeScale>
<ownDataTypeParameters>,9,2</ownDataTypeParameters>
</Attribute>
<Attribute name="own_id" id="68DA421F-EED9-E1CB-A905-3E8C5D081520">
<createdBy>jtan0045</createdBy>
<createdTime>2020-10-13 06:24:42 UTC</createdTime>
<commentInRDBMS><![CDATA[Unique number identifier of owners]]></commentInRDBMS>
<generatorID>95F39574-429F-40D0-C0CA-0328139CAF6F</generatorID>
<ownerDesignName>fdas_logical</ownerDesignName>
<engineerTo>
<item key="8ED86A1A-F60E-F4A9-EC3A-089EC3736C89" value="true"/>
</engineerTo>
<referedAttribute>AD236412-300F-6F8E-AD6D-73F2A5AA24CB</referedAttribute>
<useDomainConstraints>false</useDomainConstraints>
<use>1</use>
<logicalDatatype>LOGDT019</logicalDatatype>
<dataTypePrecision>6</dataTypePrecision>
<ownDataTypeParameters>,6,</ownDataTypeParameters>
</Attribute>
<Attribute name="lga_code" id="E3AADADA-3F0B-6283-445E-EA4CA15D6213">
<createdBy>jtan0045</createdBy>
<createdTime>2020-10-13 06:23:44 UTC</createdTime>
<commentInRDBMS><![CDATA[Unique code identifying a local government area]]></commentInRDBMS>
<generatorID>742CFC58-72DD-DD77-9D20-4E952E20F838</generatorID>
<ownerDesignName>fdas_logical</ownerDesignName>
<engineerTo>
<item key="8ED86A1A-F60E-F4A9-EC3A-089EC3736C89" value="true"/>
</engineerTo>
<referedAttribute>6129CA41-A42E-4704-A01A-9377C105BC72</referedAttribute>
<useDomainConstraints>false</useDomainConstraints>
<use>1</use>
<logicalDatatype>LOGDT019</logicalDatatype>
<dataTypePrecision>3</dataTypePrecision>
<ownDataTypeParameters>,3,</ownDataTypeParameters>
</Attribute>
<Attribute name="pt_id" id="C90F0BB4-839F-F5E7-076D-DC1D99615E88">
<createdBy>jtan0045</createdBy>
<createdTime>2020-10-13 06:36:44 UTC</createdTime>
<commentInRDBMS><![CDATA[Unique numerical identifer of property type]]></commentInRDBMS>
<generatorID>08C5CBDA-61C6-0DE3-A54F-416C2CAF6B31</generatorID>
<ownerDesignName>fdas_logical</ownerDesignName>
<engineerTo>
<item key="8ED86A1A-F60E-F4A9-EC3A-089EC3736C89" value="true"/>
</engineerTo>
<referedAttribute>C076BE87-957C-C3A2-B7FE-E8E328794BE9</referedAttribute>
<useDomainConstraints>false</useDomainConstraints>
<use>1</use>
<logicalDatatype>LOGDT019</logicalDatatype>
<dataTypePrecision>3</dataTypePrecision>
<ownDataTypeParameters>,3,</ownDataTypeParameters>
</Attribute>
</attributes>
<identifiers itemClass="oracle.dbtools.crest.model.design.logical.CandidateKey">
<identifier id="72E15DE9-52AD-DBFC-142A-2769AC08C773" name="PROPERTY PK">
<createdBy>jtan0045</createdBy>
<createdTime>2020-10-13 06:27:51 UTC</createdTime>
<ownerDesignName>fdas_logical</ownerDesignName>
<engineerTo>
<item key="8ED86A1A-F60E-F4A9-EC3A-089EC3736C89" value="true"/>
</engineerTo>
<pk>true</pk>
<usedAttributes>
<attributeRef>CB2BC503-5FB0-A115-FE74-CB959D2C4550</attributeRef>
</usedAttributes>
</identifier>
</identifiers>
</Entity>
