<?xml version = '1.0' encoding = 'UTF-8'?>
<Entity class="oracle.dbtools.crest.model.design.logical.Entity" directorySegmentName="seg_0" id="A4B0A3DC-2F73-143E-342D-58B97F7DD0C6" name="PROPERTY_TYPE">
<createdBy>jtan0045</createdBy>
<createdTime>2020-10-13 06:35:04 UTC</createdTime>
<ownerDesignName>fdas_logical</ownerDesignName>
<engineerTo>
<item key="8ED86A1A-F60E-F4A9-EC3A-089EC3736C89" value="true"/>
</engineerTo>
<adequatelyNormalized>NO</adequatelyNormalized>
<expectedVolumes>0</expectedVolumes>
<fwdEngineeringStrategyName>Single Table</fwdEngineeringStrategyName>
<growthPercent>0</growthPercent>
<growthType>Year</growthType>
<maxVolumes>9999999</maxVolumes>
<minVolumes>0</minVolumes>
<normalForm>Third</normalForm>
<attributes itemClass="oracle.dbtools.crest.model.design.logical.Attribute">
<Attribute name="pt_id" id="C076BE87-957C-C3A2-B7FE-E8E328794BE9">
<createdBy>jtan0045</createdBy>
<createdTime>2020-10-13 06:35:14 UTC</createdTime>
<commentInRDBMS><![CDATA[Unique numerical identifer of property type]]></commentInRDBMS>
<ownerDesignName>fdas_logical</ownerDesignName>
<engineerTo>
<item key="8ED86A1A-F60E-F4A9-EC3A-089EC3736C89" value="true"/>
</engineerTo>
<useDomainConstraints>false</useDomainConstraints>
<use>1</use>
<logicalDatatype>LOGDT019</logicalDatatype>
<dataTypePrecision>3</dataTypePrecision>
<ownDataTypeParameters>,3,</ownDataTypeParameters>
</Attribute>
<Attribute name="pt_desc" id="1BB86CEE-1A71-076B-9F1B-4B1EE70C9888">
<createdBy>jtan0045</createdBy>
<createdTime>2020-10-13 06:35:51 UTC</createdTime>
<commentInRDBMS><![CDATA[Description of the property type]]></commentInRDBMS>
<ownerDesignName>fdas_logical</ownerDesignName>
<engineerTo>
<item key="8ED86A1A-F60E-F4A9-EC3A-089EC3736C89" value="true"/>
</engineerTo>
<nullsAllowed>true</nullsAllowed>
<useDomainConstraints>false</useDomainConstraints>
<use>1</use>
<logicalDatatype>LOGDT024</logicalDatatype>
<dataTypeSize>20</dataTypeSize>
<ownDataTypeParameters>20,,</ownDataTypeParameters>
</Attribute>
</attributes>
<identifiers itemClass="oracle.dbtools.crest.model.design.logical.CandidateKey">
<identifier id="69A59A8A-E6FA-9095-F39C-24BC35073D1E" name="PROPERTY_TYPE PK">
<createdBy>jtan0045</createdBy>
<createdTime>2020-10-13 06:35:17 UTC</createdTime>
<ownerDesignName>fdas_logical</ownerDesignName>
<engineerTo>
<item key="8ED86A1A-F60E-F4A9-EC3A-089EC3736C89" value="true"/>
</engineerTo>
<pk>true</pk>
<usedAttributes>
<attributeRef>C076BE87-957C-C3A2-B7FE-E8E328794BE9</attributeRef>
</usedAttributes>
</identifier>
</identifiers>
</Entity>
