<?xml version = '1.0' encoding = 'UTF-8'?>
<Entity class="oracle.dbtools.crest.model.design.logical.Entity" directorySegmentName="seg_0" id="B713F06F-98FF-9CF9-F3A1-187B8BDBDBBE" name="BUILD_DAM_VISIT">
<createdBy>jtan0045</createdBy>
<createdTime>2020-10-13 12:24:11 UTC</createdTime>
<ownerDesignName>fdas_logical</ownerDesignName>
<engineerTo>
<item key="8ED86A1A-F60E-F4A9-EC3A-089EC3736C89" value="true"/>
</engineerTo>
<adequatelyNormalized>NO</adequatelyNormalized>
<expectedVolumes>0</expectedVolumes>
<fwdEngineeringStrategyName>Single Table</fwdEngineeringStrategyName>
<growthPercent>0</growthPercent>
<growthType>Year</growthType>
<maxVolumes>9999999</maxVolumes>
<minVolumes>0</minVolumes>
<normalForm>Third</normalForm>
<attributes itemClass="oracle.dbtools.crest.model.design.logical.Attribute">
<Attribute name="febd_id" id="7AD8C93B-B8F3-48D7-47AA-C9244A51E42D">
<createdBy>jtan0045</createdBy>
<createdTime>2020-10-13 12:26:13 UTC</createdTime>
<generatorID>932759FA-2CE7-F023-7C1B-0E097D31F370</generatorID>
<ownerDesignName>fdas_logical</ownerDesignName>
<engineerTo>
<item key="8ED86A1A-F60E-F4A9-EC3A-089EC3736C89" value="true"/>
</engineerTo>
<referedAttribute>FF7C2E4D-B9E7-8573-08E0-595E0623D1F3</referedAttribute>
<useDomainConstraints>false</useDomainConstraints>
<use>1</use>
<logicalDatatype>LOGDT019</logicalDatatype>
<dataTypePrecision>6</dataTypePrecision>
<ownDataTypeParameters>,6,</ownDataTypeParameters>
</Attribute>
<Attribute name="bdv_datetime_arrive" id="C55F1A72-AD78-7E5D-042C-861E077B7836">
<createdBy>jtan0045</createdBy>
<createdTime>2020-10-13 12:24:19 UTC</createdTime>
<commentInRDBMS><![CDATA[Date and time assessor arrived for building damage assessment visit]]></commentInRDBMS>
<ownerDesignName>fdas_logical</ownerDesignName>
<engineerTo>
<item key="8ED86A1A-F60E-F4A9-EC3A-089EC3736C89" value="true"/>
</engineerTo>
<useDomainConstraints>false</useDomainConstraints>
<use>1</use>
<logicalDatatype>LOGDT007</logicalDatatype>
<ownDataTypeParameters>,,</ownDataTypeParameters>
</Attribute>
<Attribute name="bdv_datetime_depart" id="C83D3F2E-AFBC-6FA9-5A5B-268D55AD2B87">
<createdBy>jtan0045</createdBy>
<createdTime>2020-10-13 12:25:05 UTC</createdTime>
<commentInRDBMS><![CDATA[Date and time assessor departed after  building damage assessment visit]]></commentInRDBMS>
<ownerDesignName>fdas_logical</ownerDesignName>
<engineerTo>
<item key="8ED86A1A-F60E-F4A9-EC3A-089EC3736C89" value="true"/>
</engineerTo>
<nullsAllowed>true</nullsAllowed>
<useDomainConstraints>false</useDomainConstraints>
<use>1</use>
<logicalDatatype>LOGDT007</logicalDatatype>
<ownDataTypeParameters>,,</ownDataTypeParameters>
</Attribute>
</attributes>
<identifiers itemClass="oracle.dbtools.crest.model.design.logical.CandidateKey">
<identifier id="FD6D3CA2-E322-B2CE-013B-E64AC3A32F81" name="BUILD_DAM_VISIT PK">
<createdBy>jtan0045</createdBy>
<createdTime>2020-10-13 12:28:49 UTC</createdTime>
<ownerDesignName>fdas_logical</ownerDesignName>
<engineerTo>
<item key="8ED86A1A-F60E-F4A9-EC3A-089EC3736C89" value="true"/>
</engineerTo>
<pk>true</pk>
<usedAttributes>
<attributeRef>7AD8C93B-B8F3-48D7-47AA-C9244A51E42D</attributeRef>
<attributeRef>C55F1A72-AD78-7E5D-042C-861E077B7836</attributeRef>
</usedAttributes>
</identifier>
</identifiers>
</Entity>
