<?xml version = '1.0' encoding = 'UTF-8'?>
<Entity class="oracle.dbtools.crest.model.design.logical.Entity" directorySegmentName="seg_0" id="C314DCDE-1216-2411-89F0-776F423E3FEC" name="ASS_EMP_HISTORY">
<createdBy>jtan0045</createdBy>
<createdTime>2020-10-14 01:53:33 UTC</createdTime>
<ownerDesignName>fdas_logical</ownerDesignName>
<engineerTo>
<item key="8ED86A1A-F60E-F4A9-EC3A-089EC3736C89" value="true"/>
</engineerTo>
<adequatelyNormalized>NO</adequatelyNormalized>
<expectedVolumes>0</expectedVolumes>
<fwdEngineeringStrategyName>Single Table</fwdEngineeringStrategyName>
<growthPercent>0</growthPercent>
<growthType>Year</growthType>
<maxVolumes>9999999</maxVolumes>
<minVolumes>0</minVolumes>
<normalForm>Third</normalForm>
<attributes itemClass="oracle.dbtools.crest.model.design.logical.Attribute">
<Attribute name="aeh_startdate" id="76A7B7FE-7AD9-0B77-D674-C8F4B9857C0F">
<createdBy>jtan0045</createdBy>
<createdTime>2020-10-14 01:55:58 UTC</createdTime>
<commentInRDBMS><![CDATA[Date when assessor started working for particular insurance company]]></commentInRDBMS>
<ownerDesignName>fdas_logical</ownerDesignName>
<engineerTo>
<item key="8ED86A1A-F60E-F4A9-EC3A-089EC3736C89" value="true"/>
</engineerTo>
<useDomainConstraints>false</useDomainConstraints>
<use>1</use>
<logicalDatatype>LOGDT007</logicalDatatype>
<ownDataTypeParameters>,,</ownDataTypeParameters>
</Attribute>
<Attribute name="ass_id" id="CF85B497-67A4-66AF-D5B1-F69785B74E52">
<createdBy>jtan0045</createdBy>
<createdTime>2020-10-14 01:54:19 UTC</createdTime>
<commentInRDBMS><![CDATA[Unique identifer of assessor]]></commentInRDBMS>
<generatorID>05D7A002-744F-ECC4-A38D-7536722F5B10</generatorID>
<ownerDesignName>fdas_logical</ownerDesignName>
<engineerTo>
<item key="8ED86A1A-F60E-F4A9-EC3A-089EC3736C89" value="true"/>
</engineerTo>
<referedAttribute>81818D44-01BF-A93B-A3EE-C560BD179E0E</referedAttribute>
<useDomainConstraints>false</useDomainConstraints>
<use>1</use>
<logicalDatatype>LOGDT024</logicalDatatype>
<dataTypeSize>4</dataTypeSize>
<ownDataTypeParameters>4,,</ownDataTypeParameters>
</Attribute>
<Attribute name="ins_code" id="72DDA92A-7497-C2F6-6D74-F51BFFB70982">
<createdBy>jtan0045</createdBy>
<createdTime>2020-10-14 02:17:23 UTC</createdTime>
<commentInRDBMS><![CDATA[Unique identifier that distinguishes insurance companies]]></commentInRDBMS>
<generatorID>780479CA-594B-40F8-37D5-CA9208E00D93</generatorID>
<ownerDesignName>fdas_logical</ownerDesignName>
<engineerTo>
<item key="8ED86A1A-F60E-F4A9-EC3A-089EC3736C89" value="true"/>
</engineerTo>
<referedAttribute>B847751D-5304-F356-4FEF-01E3842215B1</referedAttribute>
<useDomainConstraints>false</useDomainConstraints>
<use>1</use>
<logicalDatatype>LOGDT024</logicalDatatype>
<dataTypeSize>9</dataTypeSize>
<ownDataTypeParameters>9,,</ownDataTypeParameters>
</Attribute>
<Attribute name="aeh_enddate" id="3CC32155-64CD-31E7-413A-7E009C01E9CF">
<createdBy>jtan0045</createdBy>
<createdTime>2020-10-14 01:56:26 UTC</createdTime>
<commentInRDBMS><![CDATA[Date when assessor stopped working for particular insurance company]]></commentInRDBMS>
<ownerDesignName>fdas_logical</ownerDesignName>
<engineerTo>
<item key="8ED86A1A-F60E-F4A9-EC3A-089EC3736C89" value="true"/>
</engineerTo>
<nullsAllowed>true</nullsAllowed>
<useDomainConstraints>false</useDomainConstraints>
<use>1</use>
<logicalDatatype>LOGDT007</logicalDatatype>
<ownDataTypeParameters>,,</ownDataTypeParameters>
</Attribute>
</attributes>
<identifiers itemClass="oracle.dbtools.crest.model.design.logical.CandidateKey">
<identifier id="E2F13B5B-6C22-0783-138A-E9E51EE35E69" name="ASS_EMP_HISTORY PK">
<createdBy>jtan0045</createdBy>
<createdTime>2020-10-14 01:53:54 UTC</createdTime>
<ownerDesignName>fdas_logical</ownerDesignName>
<shouldEngineer>false</shouldEngineer>
<engineerTo>
<item key="8ED86A1A-F60E-F4A9-EC3A-089EC3736C89" value="false"/>
</engineerTo>
<pk>true</pk>
<usedAttributes>
<attributeRef>CF85B497-67A4-66AF-D5B1-F69785B74E52</attributeRef>
<attributeRef>76A7B7FE-7AD9-0B77-D674-C8F4B9857C0F</attributeRef>
<attributeRef>72DDA92A-7497-C2F6-6D74-F51BFFB70982</attributeRef>
</usedAttributes>
</identifier>
</identifiers>
</Entity>
