<?xml version = '1.0' encoding = 'UTF-8'?>
<Entity class="oracle.dbtools.crest.model.design.logical.Entity" directorySegmentName="seg_0" id="C74BB71D-15A6-A6C7-4DEA-C93BA3751895" name="FIRE_EVENT">
<createdBy>jtan0045</createdBy>
<createdTime>2020-10-13 05:51:21 UTC</createdTime>
<ownerDesignName>fdas_logical</ownerDesignName>
<engineerTo>
<item key="8ED86A1A-F60E-F4A9-EC3A-089EC3736C89" value="true"/>
</engineerTo>
<adequatelyNormalized>NO</adequatelyNormalized>
<expectedVolumes>0</expectedVolumes>
<fwdEngineeringStrategyName>Single Table</fwdEngineeringStrategyName>
<growthPercent>0</growthPercent>
<growthType>Year</growthType>
<maxVolumes>9999999</maxVolumes>
<minVolumes>0</minVolumes>
<normalForm>Third</normalForm>
<attributes itemClass="oracle.dbtools.crest.model.design.logical.Attribute">
<Attribute name="fe_id" id="46C454C9-13C2-50A6-081E-2DB4E886CC3A">
<createdBy>jtan0045</createdBy>
<createdTime>2020-10-13 05:51:39 UTC</createdTime>
<commentInRDBMS><![CDATA[Unique identifier of fire event]]></commentInRDBMS>
<ownerDesignName>fdas_logical</ownerDesignName>
<engineerTo>
<item key="8ED86A1A-F60E-F4A9-EC3A-089EC3736C89" value="true"/>
</engineerTo>
<useDomainConstraints>false</useDomainConstraints>
<use>1</use>
<logicalDatatype>LOGDT025</logicalDatatype>
<dataTypeSize>9</dataTypeSize>
<ownDataTypeParameters>9,,</ownDataTypeParameters>
</Attribute>
<Attribute name="fe_name" id="6176113F-95A9-A64B-F509-ECECE5D85C0B">
<createdBy>jtan0045</createdBy>
<createdTime>2020-10-13 05:55:05 UTC</createdTime>
<commentInRDBMS><![CDATA[Name of fire event]]></commentInRDBMS>
<ownerDesignName>fdas_logical</ownerDesignName>
<engineerTo>
<item key="8ED86A1A-F60E-F4A9-EC3A-089EC3736C89" value="true"/>
</engineerTo>
<nullsAllowed>true</nullsAllowed>
<useDomainConstraints>false</useDomainConstraints>
<use>1</use>
<logicalDatatype>LOGDT024</logicalDatatype>
<dataTypeSize>30</dataTypeSize>
<ownDataTypeParameters>30,,</ownDataTypeParameters>
</Attribute>
<Attribute name="fe_start_date" id="1513C792-A033-AF0B-75EA-B0303D55C57C">
<createdBy>jtan0045</createdBy>
<createdTime>2020-10-13 05:55:43 UTC</createdTime>
<commentInRDBMS><![CDATA[Date when fire event started]]></commentInRDBMS>
<ownerDesignName>fdas_logical</ownerDesignName>
<engineerTo>
<item key="8ED86A1A-F60E-F4A9-EC3A-089EC3736C89" value="true"/>
</engineerTo>
<useDomainConstraints>false</useDomainConstraints>
<use>1</use>
<logicalDatatype>LOGDT007</logicalDatatype>
<ownDataTypeParameters>,,</ownDataTypeParameters>
</Attribute>
<Attribute name="fe_start_lat" id="13892B27-206B-A7F1-66C8-8943A307887B">
<createdBy>jtan0045</createdBy>
<createdTime>2020-10-13 05:56:08 UTC</createdTime>
<commentInRDBMS><![CDATA[Estimated start latitude of fire event]]></commentInRDBMS>
<ownerDesignName>fdas_logical</ownerDesignName>
<engineerTo>
<item key="8ED86A1A-F60E-F4A9-EC3A-089EC3736C89" value="true"/>
</engineerTo>
<useDomainConstraints>false</useDomainConstraints>
<use>1</use>
<logicalDatatype>LOGDT019</logicalDatatype>
<dataTypePrecision>6</dataTypePrecision>
<dataTypeScale>4</dataTypeScale>
<ownDataTypeParameters>,6,4</ownDataTypeParameters>
</Attribute>
<Attribute name="fe_start_long" id="627B52DF-B7FF-DA20-B719-47C75B653A77">
<createdBy>jtan0045</createdBy>
<createdTime>2020-10-13 06:01:22 UTC</createdTime>
<commentInRDBMS><![CDATA[Estimated start longitude of fire event]]></commentInRDBMS>
<ownerDesignName>fdas_logical</ownerDesignName>
<engineerTo>
<item key="8ED86A1A-F60E-F4A9-EC3A-089EC3736C89" value="true"/>
</engineerTo>
<useDomainConstraints>false</useDomainConstraints>
<use>1</use>
<logicalDatatype>LOGDT019</logicalDatatype>
<dataTypePrecision>7</dataTypePrecision>
<dataTypeScale>4</dataTypeScale>
<ownDataTypeParameters>,7,4</ownDataTypeParameters>
</Attribute>
<Attribute name="fe_ha_burnt" id="733E6A36-58BD-564D-521A-447F5F369C9F">
<createdBy>jtan0045</createdBy>
<createdTime>2020-10-13 06:02:04 UTC</createdTime>
<commentInRDBMS><![CDATA[The number of hectares burnt in the given fire event]]></commentInRDBMS>
<ownerDesignName>fdas_logical</ownerDesignName>
<engineerTo>
<item key="8ED86A1A-F60E-F4A9-EC3A-089EC3736C89" value="true"/>
</engineerTo>
<useDomainConstraints>false</useDomainConstraints>
<use>1</use>
<logicalDatatype>LOGDT019</logicalDatatype>
<dataTypePrecision>9</dataTypePrecision>
<dataTypeScale>2</dataTypeScale>
<defaultValue>0</defaultValue>
<ownDataTypeParameters>,9,2</ownDataTypeParameters>
</Attribute>
<Attribute name="fe_lives_lost" id="F600192A-D2E2-E6E6-4265-5C8FB0FD378F">
<createdBy>jtan0045</createdBy>
<createdTime>2020-10-13 06:44:13 UTC</createdTime>
<commentInRDBMS><![CDATA[Number of lives lost in fire event]]></commentInRDBMS>
<ownerDesignName>fdas_logical</ownerDesignName>
<engineerTo>
<item key="8ED86A1A-F60E-F4A9-EC3A-089EC3736C89" value="true"/>
</engineerTo>
<useDomainConstraints>false</useDomainConstraints>
<use>1</use>
<logicalDatatype>LOGDT019</logicalDatatype>
<dataTypePrecision>5</dataTypePrecision>
<defaultValue>0</defaultValue>
<ownDataTypeParameters>,5,</ownDataTypeParameters>
</Attribute>
<Attribute name="fe_total_dam" id="4282C4C9-F36D-80A1-438D-65D5299171C1">
<createdBy>jtan0045</createdBy>
<createdTime>2020-10-13 06:44:34 UTC</createdTime>
<commentInRDBMS><![CDATA[Total costs of damage from fire event, in dollars]]></commentInRDBMS>
<ownerDesignName>fdas_logical</ownerDesignName>
<engineerTo>
<item key="8ED86A1A-F60E-F4A9-EC3A-089EC3736C89" value="true"/>
</engineerTo>
<useDomainConstraints>false</useDomainConstraints>
<use>1</use>
<logicalDatatype>LOGDT019</logicalDatatype>
<dataTypePrecision>10</dataTypePrecision>
<dataTypeScale>2</dataTypeScale>
<defaultValue>0</defaultValue>
<ownDataTypeParameters>,10,2</ownDataTypeParameters>
</Attribute>
<Attribute name="fe_started_from" id="92A97261-84A8-EABE-CA0A-9F4134217689">
<createdBy>jtan0045</createdBy>
<createdTime>2020-10-13 11:39:54 UTC</createdTime>
<commentInRDBMS><![CDATA[Unique identifier of fire event]]></commentInRDBMS>
<generatorID>424A0A51-BE59-6427-650A-FA55059211E4</generatorID>
<ownerDesignName>fdas_logical</ownerDesignName>
<engineerTo>
<item key="8ED86A1A-F60E-F4A9-EC3A-089EC3736C89" value="true"/>
</engineerTo>
<nullsAllowed>true</nullsAllowed>
<referedAttribute>46C454C9-13C2-50A6-081E-2DB4E886CC3A</referedAttribute>
<useDomainConstraints>false</useDomainConstraints>
<use>1</use>
<logicalDatatype>LOGDT025</logicalDatatype>
<dataTypeSize>9</dataTypeSize>
<ownDataTypeParameters>9,,</ownDataTypeParameters>
</Attribute>
</attributes>
<identifiers itemClass="oracle.dbtools.crest.model.design.logical.CandidateKey">
<identifier id="A1978C48-0629-7ACD-626E-28897D31F9BE" name="FIRE_EVENT PK">
<createdBy>jtan0045</createdBy>
<createdTime>2020-10-13 05:54:58 UTC</createdTime>
<ownerDesignName>fdas_logical</ownerDesignName>
<engineerTo>
<item key="8ED86A1A-F60E-F4A9-EC3A-089EC3736C89" value="true"/>
</engineerTo>
<pk>true</pk>
<usedAttributes>
<attributeRef>46C454C9-13C2-50A6-081E-2DB4E886CC3A</attributeRef>
</usedAttributes>
</identifier>
</identifiers>
</Entity>
