<?xml version = '1.0' encoding = 'UTF-8'?>
<Entity class="oracle.dbtools.crest.model.design.logical.Entity" directorySegmentName="seg_0" id="CCA47CAB-3A8F-CA23-9AA4-20E4301492D0" name="BUILDING">
<createdBy>jtan0045</createdBy>
<createdTime>2020-10-13 06:46:16 UTC</createdTime>
<ownerDesignName>fdas_logical</ownerDesignName>
<engineerTo>
<item key="8ED86A1A-F60E-F4A9-EC3A-089EC3736C89" value="true"/>
</engineerTo>
<adequatelyNormalized>NO</adequatelyNormalized>
<expectedVolumes>0</expectedVolumes>
<fwdEngineeringStrategyName>Single Table</fwdEngineeringStrategyName>
<growthPercent>0</growthPercent>
<growthType>Year</growthType>
<maxVolumes>9999999</maxVolumes>
<minVolumes>0</minVolumes>
<normalForm>Third</normalForm>
<attributes itemClass="oracle.dbtools.crest.model.design.logical.Attribute">
<Attribute name="build_id" id="356E9B18-F044-3C47-EC13-871BCA2EA124">
<createdBy>jtan0045</createdBy>
<createdTime>2020-10-13 12:40:27 UTC</createdTime>
<commentInRDBMS><![CDATA[Unique identifier for every building across every property]]></commentInRDBMS>
<ownerDesignName>fdas_logical</ownerDesignName>
<engineerTo>
<item key="8ED86A1A-F60E-F4A9-EC3A-089EC3736C89" value="true"/>
</engineerTo>
<useDomainConstraints>false</useDomainConstraints>
<use>1</use>
<logicalDatatype>LOGDT019</logicalDatatype>
<dataTypePrecision>7</dataTypePrecision>
<ownDataTypeParameters>,7,</ownDataTypeParameters>
</Attribute>
<Attribute name="prop_id" id="6E782368-127B-5937-3E3A-641B1DE7C358">
<createdBy>jtan0045</createdBy>
<createdTime>2020-10-13 06:46:28 UTC</createdTime>
<commentInRDBMS><![CDATA[Unique national property ID]]></commentInRDBMS>
<generatorID>AECB9C3F-9FC9-D2A8-79BA-3B982B6B093B</generatorID>
<ownerDesignName>fdas_logical</ownerDesignName>
<engineerTo>
<item key="8ED86A1A-F60E-F4A9-EC3A-089EC3736C89" value="true"/>
</engineerTo>
<referedAttribute>CB2BC503-5FB0-A115-FE74-CB959D2C4550</referedAttribute>
<useDomainConstraints>false</useDomainConstraints>
<use>1</use>
<logicalDatatype>LOGDT019</logicalDatatype>
<dataTypePrecision>8</dataTypePrecision>
<ownDataTypeParameters>,8,</ownDataTypeParameters>
</Attribute>
<Attribute name="build_no" id="F8F2584A-D362-55F3-1308-09BEEC49CCB8">
<createdBy>jtan0045</createdBy>
<createdTime>2020-10-13 06:47:22 UTC</createdTime>
<commentInRDBMS><![CDATA[Building number identifier for buildings on a single property]]></commentInRDBMS>
<ownerDesignName>fdas_logical</ownerDesignName>
<engineerTo>
<item key="8ED86A1A-F60E-F4A9-EC3A-089EC3736C89" value="true"/>
</engineerTo>
<useDomainConstraints>false</useDomainConstraints>
<use>1</use>
<logicalDatatype>LOGDT019</logicalDatatype>
<dataTypePrecision>3</dataTypePrecision>
<ownDataTypeParameters>,3,</ownDataTypeParameters>
</Attribute>
<Attribute name="build_approv_date" id="732D5007-4A89-8705-1755-033EE27752D0">
<createdBy>jtan0045</createdBy>
<createdTime>2020-10-13 06:48:02 UTC</createdTime>
<commentInRDBMS><![CDATA[Date on which the building was approved for construction]]></commentInRDBMS>
<ownerDesignName>fdas_logical</ownerDesignName>
<engineerTo>
<item key="8ED86A1A-F60E-F4A9-EC3A-089EC3736C89" value="true"/>
</engineerTo>
<nullsAllowed>true</nullsAllowed>
<useDomainConstraints>false</useDomainConstraints>
<use>1</use>
<logicalDatatype>LOGDT007</logicalDatatype>
<ownDataTypeParameters>,,</ownDataTypeParameters>
</Attribute>
<Attribute name="build_size" id="1EF7075D-2AF0-79DF-6C63-EA7B9990B23D">
<createdBy>jtan0045</createdBy>
<createdTime>2020-10-13 06:49:02 UTC</createdTime>
<commentInRDBMS><![CDATA[The size of the building, in square meters]]></commentInRDBMS>
<ownerDesignName>fdas_logical</ownerDesignName>
<engineerTo>
<item key="8ED86A1A-F60E-F4A9-EC3A-089EC3736C89" value="true"/>
</engineerTo>
<useDomainConstraints>false</useDomainConstraints>
<use>1</use>
<logicalDatatype>LOGDT019</logicalDatatype>
<dataTypePrecision>8</dataTypePrecision>
<ownDataTypeParameters>,8,</ownDataTypeParameters>
</Attribute>
<Attribute name="build_class" id="A1CC5C72-42AF-9B3A-040F-D7236AE571D1">
<createdBy>jtan0045</createdBy>
<createdTime>2020-10-13 06:50:49 UTC</createdTime>
<commentInRDBMS><![CDATA[National Construction Code Class of the building]]></commentInRDBMS>
<ownerDesignName>fdas_logical</ownerDesignName>
<engineerTo>
<item key="8ED86A1A-F60E-F4A9-EC3A-089EC3736C89" value="true"/>
</engineerTo>
<useDomainConstraints>false</useDomainConstraints>
<use>1</use>
<logicalDatatype>LOGDT019</logicalDatatype>
<dataTypePrecision>3</dataTypePrecision>
<ownDataTypeParameters>,3,</ownDataTypeParameters>
</Attribute>
<Attribute name="build_lga_value" id="00FB6A5E-CB6D-9470-BCFA-F7A8133A098D">
<createdBy>jtan0045</createdBy>
<createdTime>2020-10-13 06:52:01 UTC</createdTime>
<commentInRDBMS><![CDATA[LGA estimated value of the building, in dollars]]></commentInRDBMS>
<ownerDesignName>fdas_logical</ownerDesignName>
<engineerTo>
<item key="8ED86A1A-F60E-F4A9-EC3A-089EC3736C89" value="true"/>
</engineerTo>
<useDomainConstraints>false</useDomainConstraints>
<use>1</use>
<logicalDatatype>LOGDT019</logicalDatatype>
<dataTypePrecision>10</dataTypePrecision>
<dataTypeScale>2</dataTypeScale>
<ownDataTypeParameters>,10,2</ownDataTypeParameters>
</Attribute>
<Attribute name="ins_code" id="8516FF2A-27F1-CC57-76CD-F88E1595058C">
<createdBy>jtan0045</createdBy>
<createdTime>2020-10-13 11:13:04 UTC</createdTime>
<commentInRDBMS><![CDATA[Unique identifier that distinguishes insurance companies]]></commentInRDBMS>
<generatorID>528570FA-3E21-18F5-6847-81C082A869A3</generatorID>
<ownerDesignName>fdas_logical</ownerDesignName>
<engineerTo>
<item key="8ED86A1A-F60E-F4A9-EC3A-089EC3736C89" value="true"/>
</engineerTo>
<nullsAllowed>true</nullsAllowed>
<referedAttribute>B847751D-5304-F356-4FEF-01E3842215B1</referedAttribute>
<useDomainConstraints>false</useDomainConstraints>
<use>1</use>
<logicalDatatype>LOGDT024</logicalDatatype>
<dataTypeSize>9</dataTypeSize>
<ownDataTypeParameters>9,,</ownDataTypeParameters>
</Attribute>
</attributes>
<identifiers itemClass="oracle.dbtools.crest.model.design.logical.CandidateKey">
<identifier id="910DF565-BF8B-3CCC-0624-7082F670486E" name="BUILDING PK">
<createdBy>jtan0045</createdBy>
<createdTime>2020-10-13 06:47:21 UTC</createdTime>
<ownerDesignName>fdas_logical</ownerDesignName>
<engineerTo>
<item key="8ED86A1A-F60E-F4A9-EC3A-089EC3736C89" value="true"/>
</engineerTo>
<pk>true</pk>
<usedAttributes>
<attributeRef>356E9B18-F044-3C47-EC13-871BCA2EA124</attributeRef>
</usedAttributes>
</identifier>
<identifier id="E6B1DB42-4EF3-6485-54C6-67AA3512BBF8" name="BUILDING NK">
<createdBy>jtan0045</createdBy>
<createdTime>2020-10-13 12:48:45 UTC</createdTime>
<ownerDesignName>fdas_logical</ownerDesignName>
<engineerTo>
<item key="8ED86A1A-F60E-F4A9-EC3A-089EC3736C89" value="true"/>
</engineerTo>
<newElementsIDs>F8F2584A-D362-55F3-1308-09BEEC49CCB8,AECB9C3F-9FC9-D2A8-79BA-3B982B6B093B</newElementsIDs>
<usedAttributes>
<attributeRef>F8F2584A-D362-55F3-1308-09BEEC49CCB8</attributeRef>
<attributeRef>6E782368-127B-5937-3E3A-641B1DE7C358</attributeRef>
</usedAttributes>
</identifier>
</identifiers>
</Entity>
