<?xml version = '1.0' encoding = 'UTF-8'?>
<Entity class="oracle.dbtools.crest.model.design.logical.Entity" directorySegmentName="seg_0" id="F2C7F7C8-278B-7F73-CC8D-46D80D0959AA" name="LGA_FE">
<createdBy>jtan0045</createdBy>
<createdTime>2020-10-13 06:41:16 UTC</createdTime>
<ownerDesignName>fdas_logical</ownerDesignName>
<engineerTo>
<item key="8ED86A1A-F60E-F4A9-EC3A-089EC3736C89" value="true"/>
</engineerTo>
<adequatelyNormalized>NO</adequatelyNormalized>
<expectedVolumes>0</expectedVolumes>
<fwdEngineeringStrategyName>Single Table</fwdEngineeringStrategyName>
<growthPercent>0</growthPercent>
<growthType>Year</growthType>
<maxVolumes>9999999</maxVolumes>
<minVolumes>0</minVolumes>
<normalForm>Third</normalForm>
<attributes itemClass="oracle.dbtools.crest.model.design.logical.Attribute">
<Attribute name="lga_code" id="C5DFCA7E-F228-405B-1B95-1FAC3CDDF53F">
<createdBy>jtan0045</createdBy>
<createdTime>2020-10-13 06:41:29 UTC</createdTime>
<commentInRDBMS><![CDATA[Unique code identifying a local government area]]></commentInRDBMS>
<generatorID>86677CFE-DEB7-91FF-DD5D-C71700BA8178</generatorID>
<ownerDesignName>fdas_logical</ownerDesignName>
<engineerTo>
<item key="8ED86A1A-F60E-F4A9-EC3A-089EC3736C89" value="true"/>
</engineerTo>
<referedAttribute>6129CA41-A42E-4704-A01A-9377C105BC72</referedAttribute>
<useDomainConstraints>false</useDomainConstraints>
<use>1</use>
<logicalDatatype>LOGDT019</logicalDatatype>
<dataTypePrecision>3</dataTypePrecision>
<ownDataTypeParameters>,3,</ownDataTypeParameters>
</Attribute>
<Attribute name="fe_id" id="B2347545-C0B1-71D9-5EE1-BABA6C08CAE0">
<createdBy>jtan0045</createdBy>
<createdTime>2020-10-13 06:42:06 UTC</createdTime>
<commentInRDBMS><![CDATA[Unique identifier of fire event]]></commentInRDBMS>
<generatorID>F9247152-2E9C-435D-BA49-4393E81A96F1</generatorID>
<ownerDesignName>fdas_logical</ownerDesignName>
<engineerTo>
<item key="8ED86A1A-F60E-F4A9-EC3A-089EC3736C89" value="true"/>
</engineerTo>
<referedAttribute>46C454C9-13C2-50A6-081E-2DB4E886CC3A</referedAttribute>
<useDomainConstraints>false</useDomainConstraints>
<use>1</use>
<logicalDatatype>LOGDT025</logicalDatatype>
<dataTypeSize>9</dataTypeSize>
<ownDataTypeParameters>9,,</ownDataTypeParameters>
</Attribute>
</attributes>
<identifiers itemClass="oracle.dbtools.crest.model.design.logical.CandidateKey">
<identifier id="FD7EF174-9E08-35F7-C699-00475EB121AA" name="LGA_FE PK">
<createdBy>jtan0045</createdBy>
<createdTime>2020-10-13 06:42:30 UTC</createdTime>
<ownerDesignName>fdas_logical</ownerDesignName>
<engineerTo>
<item key="8ED86A1A-F60E-F4A9-EC3A-089EC3736C89" value="true"/>
</engineerTo>
<pk>true</pk>
<usedAttributes>
<attributeRef>B2347545-C0B1-71D9-5EE1-BABA6C08CAE0</attributeRef>
<attributeRef>C5DFCA7E-F228-405B-1B95-1FAC3CDDF53F</attributeRef>
</usedAttributes>
</identifier>
</identifiers>
</Entity>
