<?xml version = '1.0' encoding = 'UTF-8'?>
<Entity class="oracle.dbtools.crest.model.design.logical.Entity" directorySegmentName="seg_0" id="FABB1E48-F6DA-F9AD-1CE9-DFF42C1FFC6B" name="OWNER">
<createdBy>jtan0045</createdBy>
<createdTime>2020-10-13 06:17:14 UTC</createdTime>
<ownerDesignName>fdas_logical</ownerDesignName>
<engineerTo>
<item key="8ED86A1A-F60E-F4A9-EC3A-089EC3736C89" value="true"/>
</engineerTo>
<adequatelyNormalized>NO</adequatelyNormalized>
<expectedVolumes>0</expectedVolumes>
<fwdEngineeringStrategyName>Single Table</fwdEngineeringStrategyName>
<growthPercent>0</growthPercent>
<growthType>Year</growthType>
<maxVolumes>9999999</maxVolumes>
<minVolumes>0</minVolumes>
<normalForm>Third</normalForm>
<attributes itemClass="oracle.dbtools.crest.model.design.logical.Attribute">
<Attribute name="own_id" id="AD236412-300F-6F8E-AD6D-73F2A5AA24CB">
<createdBy>jtan0045</createdBy>
<createdTime>2020-10-13 06:17:22 UTC</createdTime>
<commentInRDBMS><![CDATA[Unique number identifier of owners]]></commentInRDBMS>
<ownerDesignName>fdas_logical</ownerDesignName>
<engineerTo>
<item key="8ED86A1A-F60E-F4A9-EC3A-089EC3736C89" value="true"/>
</engineerTo>
<useDomainConstraints>false</useDomainConstraints>
<use>1</use>
<logicalDatatype>LOGDT019</logicalDatatype>
<dataTypePrecision>6</dataTypePrecision>
<ownDataTypeParameters>,6,</ownDataTypeParameters>
</Attribute>
<Attribute name="own_name" id="90B96EE2-7F8D-36DD-B62D-AC7066CEBE74">
<createdBy>jtan0045</createdBy>
<createdTime>2020-10-13 06:19:15 UTC</createdTime>
<commentInRDBMS><![CDATA[Full name of owner (could be individual, business, or body corporate)]]></commentInRDBMS>
<ownerDesignName>fdas_logical</ownerDesignName>
<engineerTo>
<item key="8ED86A1A-F60E-F4A9-EC3A-089EC3736C89" value="true"/>
</engineerTo>
<useDomainConstraints>false</useDomainConstraints>
<use>1</use>
<logicalDatatype>LOGDT024</logicalDatatype>
<dataTypeSize>50</dataTypeSize>
<ownDataTypeParameters>50,,</ownDataTypeParameters>
</Attribute>
<Attribute name="own_phoneno" id="3D30D0BC-5D23-8166-640E-3CD2A7BB082A">
<createdBy>jtan0045</createdBy>
<createdTime>2020-10-13 06:20:12 UTC</createdTime>
<commentInRDBMS><![CDATA[Phone number of owner; max 15 characters to account for international numbers]]></commentInRDBMS>
<ownerDesignName>fdas_logical</ownerDesignName>
<engineerTo>
<item key="8ED86A1A-F60E-F4A9-EC3A-089EC3736C89" value="true"/>
</engineerTo>
<useDomainConstraints>false</useDomainConstraints>
<use>1</use>
<logicalDatatype>LOGDT024</logicalDatatype>
<dataTypeSize>15</dataTypeSize>
<ownDataTypeParameters>15,,</ownDataTypeParameters>
</Attribute>
</attributes>
<identifiers itemClass="oracle.dbtools.crest.model.design.logical.CandidateKey">
<identifier id="41AB47C5-0006-2D59-CC39-8EBD418FD408" name="OWNER PK">
<createdBy>jtan0045</createdBy>
<createdTime>2020-10-13 06:19:13 UTC</createdTime>
<ownerDesignName>fdas_logical</ownerDesignName>
<engineerTo>
<item key="8ED86A1A-F60E-F4A9-EC3A-089EC3736C89" value="true"/>
</engineerTo>
<pk>true</pk>
<usedAttributes>
<attributeRef>AD236412-300F-6F8E-AD6D-73F2A5AA24CB</attributeRef>
</usedAttributes>
</identifier>
</identifiers>
</Entity>
