<?xml version = '1.0' encoding = 'UTF-8'?>
<Diagram class="oracle.dbtools.crest.swingui.relational.DPVRelational" name="Relational_1" id="125B1845-E430-F0D7-E2C0-DAF6ACB619DC">
<createdBy>jtan0045</createdBy>
<modifiedBy>jtan0045</modifiedBy>
<createdTime>2020-10-13 06:08:19 UTC</createdTime>
<autoRoute>false</autoRoute>
<boxInbox>true</boxInbox>
<showLegend>false</showLegend>
<showLabels>false</showLabels>
<showRelAttributes>false</showRelAttributes>
<gridEnabled>false</gridEnabled>
<showGrid>false</showGrid>
<diagramColor>-1</diagramColor>
<display>false</display>
<notation>1</notation>
<objectViews>
<OView class="oracle.dbtools.crest.swingui.relational.TVTable" oid="092079BE-4161-6974-32F9-8F3718BF0281" otype="Table" vid="55A44FDA-1417-AE92-6B60-F704375CA17C">
<hideElementsInCurrentOnly>false</hideElementsInCurrentOnly>
<bounds x="631" y="462" width="170" height="77"/>
</OView>
<OView class="oracle.dbtools.crest.swingui.relational.TVTable" oid="5074B5CA-A633-F388-C78F-F91A202D1A26" otype="Table" vid="69DB517D-3B54-149B-AB0E-49E3CAE1691B">
<hideElementsInCurrentOnly>false</hideElementsInCurrentOnly>
<bounds x="627" y="37" width="170" height="67"/>
</OView>
<OView class="oracle.dbtools.crest.swingui.relational.TVTable" oid="60A456BC-E164-29D2-0080-8401B1DA76E2" otype="Table" vid="4B1688FC-DDC1-CED7-D6A5-DEFE1E6DE7AB">
<hideElementsInCurrentOnly>false</hideElementsInCurrentOnly>
<bounds x="913" y="465" width="170" height="96"/>
</OView>
<OView class="oracle.dbtools.crest.swingui.relational.TVTable" oid="61F4B31F-F953-2E76-5AF5-68CFC66538A7" otype="Table" vid="D986C037-CC8C-8E76-D834-FDB0C13ABCCC">
<hideElementsInCurrentOnly>false</hideElementsInCurrentOnly>
<bounds x="1165" y="463" width="170" height="147"/>
</OView>
<OView class="oracle.dbtools.crest.swingui.relational.TVTable" oid="743F03B9-DD86-2AA0-C91F-8D62B827E91E" otype="Table" vid="60E840D7-2042-4BE5-3F5F-D720464B5658">
<hideElementsInCurrentOnly>false</hideElementsInCurrentOnly>
<bounds x="910" y="246" width="145" height="132"/>
</OView>
<OView class="oracle.dbtools.crest.swingui.relational.TVTable" oid="A329A3F0-3338-DE1D-E282-2C876960F909" otype="Table" vid="738D0746-DE77-14D1-0364-E1F1D85A0B1E">
<hideElementsInCurrentOnly>false</hideElementsInCurrentOnly>
<bounds x="48" y="256" width="170" height="72"/>
</OView>
<OView class="oracle.dbtools.crest.swingui.relational.TVTable" oid="A92546DA-E17E-80D0-3AFC-3F4CA81FC78B" otype="Table" vid="87096126-2B00-A3CF-3FCD-E38276A18239">
<hideElementsInCurrentOnly>false</hideElementsInCurrentOnly>
<bounds x="365" y="436" width="170" height="62"/>
</OView>
<OView class="oracle.dbtools.crest.swingui.relational.TVTable" oid="B13ED470-787B-801D-FCEE-E56E0088CAE8" otype="Table" vid="C25A650C-9E8B-D227-BCD7-21FBE2E2F8E1">
<hideElementsInCurrentOnly>false</hideElementsInCurrentOnly>
<bounds x="363" y="40" width="170" height="111"/>
</OView>
<OView class="oracle.dbtools.crest.swingui.relational.TVTable" oid="B31A7203-1CD1-4CBC-37C5-7F9E21DF591E" otype="Table" vid="1488D040-6642-59A2-100E-0F240CDF440C">
<hideElementsInCurrentOnly>false</hideElementsInCurrentOnly>
<bounds x="630" y="251" width="170" height="139"/>
</OView>
<OView class="oracle.dbtools.crest.swingui.relational.TVTable" oid="DCF78411-260A-499C-DEF9-12E8C1D0955E" otype="Table" vid="1764ACE0-1296-2813-4362-C056AB8018B7">
<hideElementsInCurrentOnly>false</hideElementsInCurrentOnly>
<bounds x="360" y="229" width="170" height="139"/>
</OView>
<OView class="oracle.dbtools.crest.swingui.relational.TVTable" oid="E589D3E9-FC51-AC9F-3B01-91306C72A74C" otype="Table" vid="DCB85B46-3845-A7DE-841B-E9F15CF13F50">
<hideElementsInCurrentOnly>false</hideElementsInCurrentOnly>
<bounds x="1147" y="252" width="170" height="74"/>
</OView>
<OView class="oracle.dbtools.crest.swingui.relational.TVTable" oid="F4A0A7DB-7501-EBC1-A224-6D3558CB14F6" otype="Table" vid="280B6AD0-A968-710D-B1BA-6E631A6D7516">
<hideElementsInCurrentOnly>false</hideElementsInCurrentOnly>
<bounds x="871" y="0" width="199" height="153"/>
</OView>
</objectViews>
<connectors>
<Connector class="oracle.dbtools.crest.swingui.relational.TVFKRelation" oid="13FE1913-8909-A24A-BC45-DEF3A99E6BFB" otype="FKIndexAssociation" vid_source="87096126-2B00-A3CF-3FCD-E38276A18239" vid_target="1764ACE0-1296-2813-4362-C056AB8018B7">
<hideElementsInCurrentOnly>false</hideElementsInCurrentOnly>
<backgroundColor>-16777216</backgroundColor>
<lineWidth>1</lineWidth>
<points>
<point x="447" y="436"/>
<point x="447" y="368"/>
</points>
</Connector>
<Connector class="oracle.dbtools.crest.swingui.relational.TVFKRelation" oid="16D2D69A-33B5-6454-864A-DBEFD0F7932E" otype="FKIndexAssociation" vid_source="55A44FDA-1417-AE92-6B60-F704375CA17C" vid_target="D986C037-CC8C-8E76-D834-FDB0C13ABCCC">
<hideElementsInCurrentOnly>false</hideElementsInCurrentOnly>
<backgroundColor>-16777216</backgroundColor>
<lineWidth>1</lineWidth>
<points>
<point x="744" y="539"/>
<point x="744" y="603"/>
<point x="1217" y="605"/>
<point x="1217" y="610"/>
</points>
</Connector>
<Connector class="oracle.dbtools.crest.swingui.relational.TVFKRelation" oid="1C22E70C-F178-7938-F1E9-44BDAAEB3822" otype="FKIndexAssociation" vid_source="55A44FDA-1417-AE92-6B60-F704375CA17C" vid_target="4B1688FC-DDC1-CED7-D6A5-DEFE1E6DE7AB">
<hideElementsInCurrentOnly>false</hideElementsInCurrentOnly>
<backgroundColor>-16777216</backgroundColor>
<lineWidth>1</lineWidth>
<points>
<point x="801" y="502"/>
<point x="913" y="502"/>
</points>
</Connector>
<Connector class="oracle.dbtools.crest.swingui.relational.TVFKRelation" oid="3186981A-7D99-9A84-5F46-4DB4D7CEC020" otype="FKIndexAssociation" vid_source="280B6AD0-A968-710D-B1BA-6E631A6D7516" vid_target="280B6AD0-A968-710D-B1BA-6E631A6D7516">
<hideElementsInCurrentOnly>false</hideElementsInCurrentOnly>
<backgroundColor>-16777216</backgroundColor>
<lineWidth>1</lineWidth>
<points>
<point x="1070" y="44"/>
<point x="1121" y="44"/>
<point x="1121" y="122"/>
<point x="1073" y="121"/>
<point x="1070" y="121"/>
</points>
</Connector>
<Connector class="oracle.dbtools.crest.swingui.relational.TVFKRelation" oid="382E2A1E-2B3E-B95D-98CF-8CD49FD3694B" otype="FKIndexAssociation" vid_source="C25A650C-9E8B-D227-BCD7-21FBE2E2F8E1" vid_target="1764ACE0-1296-2813-4362-C056AB8018B7">
<hideElementsInCurrentOnly>false</hideElementsInCurrentOnly>
<backgroundColor>-16777216</backgroundColor>
<lineWidth>1</lineWidth>
<points>
<point x="446" y="151"/>
<point x="446" y="229"/>
</points>
</Connector>
<Connector class="oracle.dbtools.crest.swingui.relational.TVFKRelation" oid="544A57C1-D0B9-CAFD-D72C-5406F79CCCAA" otype="FKIndexAssociation" vid_source="738D0746-DE77-14D1-0364-E1F1D85A0B1E" vid_target="1764ACE0-1296-2813-4362-C056AB8018B7">
<hideElementsInCurrentOnly>false</hideElementsInCurrentOnly>
<backgroundColor>-16777216</backgroundColor>
<lineWidth>1</lineWidth>
<points>
<point x="218" y="292"/>
<point x="360" y="292"/>
</points>
</Connector>
<Connector class="oracle.dbtools.crest.swingui.relational.TVFKRelation" oid="961D3D67-0F04-3F01-B6FA-3A4A05334BF8" otype="FKIndexAssociation" vid_source="C25A650C-9E8B-D227-BCD7-21FBE2E2F8E1" vid_target="69DB517D-3B54-149B-AB0E-49E3CAE1691B">
<hideElementsInCurrentOnly>false</hideElementsInCurrentOnly>
<backgroundColor>-16777216</backgroundColor>
<lineWidth>1</lineWidth>
<points>
<point x="533" y="72"/>
<point x="627" y="72"/>
</points>
</Connector>
<Connector class="oracle.dbtools.crest.swingui.relational.TVFKRelation" oid="A242D91D-5892-D4DD-2E9C-B4AB58E78B64" otype="FKIndexAssociation" vid_source="4B1688FC-DDC1-CED7-D6A5-DEFE1E6DE7AB" vid_target="D986C037-CC8C-8E76-D834-FDB0C13ABCCC">
<hideElementsInCurrentOnly>false</hideElementsInCurrentOnly>
<backgroundColor>-16777216</backgroundColor>
<lineWidth>1</lineWidth>
<points>
<point x="1083" y="498"/>
<point x="1165" y="498"/>
</points>
</Connector>
<Connector class="oracle.dbtools.crest.swingui.relational.TVFKRelation" oid="A3F121BA-E207-1E09-48B1-AAD0D4663A0A" otype="FKIndexAssociation" vid_source="4B1688FC-DDC1-CED7-D6A5-DEFE1E6DE7AB" vid_target="60E840D7-2042-4BE5-3F5F-D720464B5658">
<hideElementsInCurrentOnly>false</hideElementsInCurrentOnly>
<backgroundColor>-16777216</backgroundColor>
<lineWidth>1</lineWidth>
<points>
<point x="984" y="465"/>
<point x="969" y="378"/>
</points>
</Connector>
<Connector class="oracle.dbtools.crest.swingui.relational.TVFKRelation" oid="A80C3AE7-C6E3-38CA-FEB7-E5DC3E8A6F8D" otype="FKIndexAssociation" vid_source="280B6AD0-A968-710D-B1BA-6E631A6D7516" vid_target="60E840D7-2042-4BE5-3F5F-D720464B5658">
<hideElementsInCurrentOnly>false</hideElementsInCurrentOnly>
<backgroundColor>-16777216</backgroundColor>
<lineWidth>1</lineWidth>
<points>
<point x="982" y="153"/>
<point x="967" y="246"/>
</points>
</Connector>
<Connector class="oracle.dbtools.crest.swingui.relational.TVFKRelation" oid="AA7B7A2C-725A-09BE-FFC8-E9A7D312A67F" otype="FKIndexAssociation" vid_source="55A44FDA-1417-AE92-6B60-F704375CA17C" vid_target="1488D040-6642-59A2-100E-0F240CDF440C">
<hideElementsInCurrentOnly>false</hideElementsInCurrentOnly>
<backgroundColor>-16777216</backgroundColor>
<lineWidth>1</lineWidth>
<points>
<point x="715" y="462"/>
<point x="715" y="390"/>
</points>
</Connector>
<Connector class="oracle.dbtools.crest.swingui.relational.TVFKRelation" oid="BBB73D65-2945-BCA4-2951-77F9FD845652" otype="FKIndexAssociation" vid_source="1764ACE0-1296-2813-4362-C056AB8018B7" vid_target="1488D040-6642-59A2-100E-0F240CDF440C">
<hideElementsInCurrentOnly>false</hideElementsInCurrentOnly>
<backgroundColor>-16777216</backgroundColor>
<lineWidth>1</lineWidth>
<points>
<point x="530" y="309"/>
<point x="630" y="309"/>
</points>
</Connector>
<Connector class="oracle.dbtools.crest.swingui.relational.TVFKRelation" oid="BE6C6E11-A9B2-4560-056E-288C751C74A7" otype="FKIndexAssociation" vid_source="280B6AD0-A968-710D-B1BA-6E631A6D7516" vid_target="69DB517D-3B54-149B-AB0E-49E3CAE1691B">
<hideElementsInCurrentOnly>false</hideElementsInCurrentOnly>
<backgroundColor>-16777216</backgroundColor>
<lineWidth>1</lineWidth>
<points>
<point x="871" y="70"/>
<point x="797" y="70"/>
</points>
</Connector>
<Connector class="oracle.dbtools.crest.swingui.relational.TVFKRelation" oid="D25D948E-B903-05E8-1052-D0DC9A99385F" otype="FKIndexAssociation" vid_source="60E840D7-2042-4BE5-3F5F-D720464B5658" vid_target="DCB85B46-3845-A7DE-841B-E9F15CF13F50">
<hideElementsInCurrentOnly>false</hideElementsInCurrentOnly>
<backgroundColor>-16777216</backgroundColor>
<lineWidth>1</lineWidth>
<points>
<point x="1055" y="274"/>
<point x="1147" y="289"/>
</points>
</Connector>
<Connector class="oracle.dbtools.crest.swingui.relational.TVFKRelation" oid="FA38EE50-8129-94BC-75A2-5150C29E99DE" otype="FKIndexAssociation" vid_source="1488D040-6642-59A2-100E-0F240CDF440C" vid_target="60E840D7-2042-4BE5-3F5F-D720464B5658">
<hideElementsInCurrentOnly>false</hideElementsInCurrentOnly>
<backgroundColor>-16777216</backgroundColor>
<lineWidth>1</lineWidth>
<points>
<point x="800" y="314"/>
<point x="910" y="299"/>
</points>
</Connector>
</connectors>
</Diagram>
