<?xml version = '1.0' encoding = 'UTF-8'?>
<FKIndexAssociation class="oracle.dbtools.crest.model.design.relational.FKIndexAssociation" directorySegmentName="seg_0" id="13FE1913-8909-A24A-BC45-DEF3A99E6BFB" containerWithKeyObject="DCF78411-260A-499C-DEF9-12E8C1D0955E" localFKIndex="71B0B6FB-1634-054B-9A7F-7638F49D35D4" name="PROPERTY_TYPE">
<createdBy>jtan0045</createdBy>
<createdTime>2020-10-14 02:47:51 UTC</createdTime>
<generatorID>08C5CBDA-61C6-0DE3-A54F-416C2CAF6B31</generatorID>
<ownerDesignName>fdas_logical</ownerDesignName>
<referredTableLongName>PROPERTY_TYPE</referredTableLongName>
<deleteRule>NO ACTION</deleteRule>
<referredTableID>A92546DA-E17E-80D0-3AFC-3F4CA81FC78B</referredTableID>
<keyObject>C3A0115B-C84E-7DF1-183E-2F14535BD5AE</keyObject>
<referredKeyID>C3A0115B-C84E-7DF1-183E-2F14535BD5AE</referredKeyID>
<mandatory>true</mandatory>
<refColNames>pt_id</refColNames>
<transferable>true</transferable>
<rely>false</rely>
<columnDependencyConstraintGenerateInDDL>true</columnDependencyConstraintGenerateInDDL>
</FKIndexAssociation>
