<?xml version = '1.0' encoding = 'UTF-8'?>
<FKIndexAssociation class="oracle.dbtools.crest.model.design.relational.FKIndexAssociation" directorySegmentName="seg_0" id="16D2D69A-33B5-6454-864A-DBEFD0F7932E" containerWithKeyObject="61F4B31F-F953-2E76-5AF5-68CFC66538A7" localFKIndex="D0B0512A-F7BE-5E55-BBFE-25708C8E3600" name="INS_EMP_HISTORY">
<createdBy>jtan0045</createdBy>
<createdTime>2020-10-14 02:47:51 UTC</createdTime>
<generatorID>780479CA-594B-40F8-37D5-CA9208E00D93</generatorID>
<ownerDesignName>fdas_logical</ownerDesignName>
<referredTableLongName>INSURER</referredTableLongName>
<deleteRule>NO ACTION</deleteRule>
<referredTableID>092079BE-4161-6974-32F9-8F3718BF0281</referredTableID>
<keyObject>58486C9B-DC64-BE1F-F680-A3B74D378273</keyObject>
<referredKeyID>58486C9B-DC64-BE1F-F680-A3B74D378273</referredKeyID>
<mandatory>true</mandatory>
<refColNames>ins_code</refColNames>
<transferable>true</transferable>
<rely>false</rely>
<columnDependencyConstraintGenerateInDDL>true</columnDependencyConstraintGenerateInDDL>
</FKIndexAssociation>
