<?xml version = '1.0' encoding = 'UTF-8'?>
<FKIndexAssociation class="oracle.dbtools.crest.model.design.relational.FKIndexAssociation" directorySegmentName="seg_0" id="1C22E70C-F178-7938-F1E9-44BDAAEB3822" containerWithKeyObject="60A456BC-E164-29D2-0080-8401B1DA76E2" localFKIndex="06F13D13-0F5D-9352-C290-1593E61D5804" name="INS_EMPLOYMENT">
<createdBy>jtan0045</createdBy>
<createdTime>2020-10-14 02:47:51 UTC</createdTime>
<generatorID>D278DA8E-2EED-546D-422F-04DF99CB3BBD</generatorID>
<ownerDesignName>fdas_logical</ownerDesignName>
<referredTableLongName>INSURER</referredTableLongName>
<deleteRule>NO ACTION</deleteRule>
<referredTableID>092079BE-4161-6974-32F9-8F3718BF0281</referredTableID>
<keyObject>58486C9B-DC64-BE1F-F680-A3B74D378273</keyObject>
<referredKeyID>58486C9B-DC64-BE1F-F680-A3B74D378273</referredKeyID>
<mandatory>true</mandatory>
<refColNames>ins_code</refColNames>
<transferable>true</transferable>
<rely>false</rely>
<columnDependencyConstraintGenerateInDDL>true</columnDependencyConstraintGenerateInDDL>
</FKIndexAssociation>
