<?xml version = '1.0' encoding = 'UTF-8'?>
<FKIndexAssociation class="oracle.dbtools.crest.model.design.relational.FKIndexAssociation" directorySegmentName="seg_0" id="3186981A-7D99-9A84-5F46-4DB4D7CEC020" containerWithKeyObject="F4A0A7DB-7501-EBC1-A224-6D3558CB14F6" localFKIndex="C8BB1B74-2DFD-A024-36D8-57D5138556AB" name="FIRE_EVENT_STARTS">
<createdBy>jtan0045</createdBy>
<createdTime>2020-10-14 02:47:51 UTC</createdTime>
<generatorID>424A0A51-BE59-6427-650A-FA55059211E4</generatorID>
<ownerDesignName>fdas_logical</ownerDesignName>
<referredTableLongName>FIRE_EVENT</referredTableLongName>
<deleteRule>NO ACTION</deleteRule>
<referredTableID>F4A0A7DB-7501-EBC1-A224-6D3558CB14F6</referredTableID>
<keyObject>85A27F42-5BDB-D207-B351-6B7C7C0DBF7D</keyObject>
<referredKeyID>85A27F42-5BDB-D207-B351-6B7C7C0DBF7D</referredKeyID>
<mandatory>false</mandatory>
<refColNames>fe_id</refColNames>
<transferable>true</transferable>
<rely>false</rely>
<columnDependencyConstraintGenerateInDDL>true</columnDependencyConstraintGenerateInDDL>
</FKIndexAssociation>
