<?xml version = '1.0' encoding = 'UTF-8'?>
<FKIndexAssociation class="oracle.dbtools.crest.model.design.relational.FKIndexAssociation" directorySegmentName="seg_0" id="382E2A1E-2B3E-B95D-98CF-8CD49FD3694B" containerWithKeyObject="DCF78411-260A-499C-DEF9-12E8C1D0955E" localFKIndex="C748CA5F-5B32-4D86-CA9B-2D430E0E711E" name="LGA_PROPERTY">
<createdBy>jtan0045</createdBy>
<createdTime>2020-10-14 02:47:51 UTC</createdTime>
<generatorID>742CFC58-72DD-DD77-9D20-4E952E20F838</generatorID>
<ownerDesignName>fdas_logical</ownerDesignName>
<referredTableLongName>LOCAL_GOV_AREA</referredTableLongName>
<deleteRule>NO ACTION</deleteRule>
<referredTableID>B13ED470-787B-801D-FCEE-E56E0088CAE8</referredTableID>
<keyObject>A588A732-85F3-7AC7-1AA4-B2853E8FD48C</keyObject>
<referredKeyID>A588A732-85F3-7AC7-1AA4-B2853E8FD48C</referredKeyID>
<mandatory>true</mandatory>
<refColNames>lga_code</refColNames>
<transferable>true</transferable>
<rely>false</rely>
<columnDependencyConstraintGenerateInDDL>true</columnDependencyConstraintGenerateInDDL>
</FKIndexAssociation>
