<?xml version = '1.0' encoding = 'UTF-8'?>
<FKIndexAssociation class="oracle.dbtools.crest.model.design.relational.FKIndexAssociation" directorySegmentName="seg_0" id="544A57C1-D0B9-CAFD-D72C-5406F79CCCAA" containerWithKeyObject="DCF78411-260A-499C-DEF9-12E8C1D0955E" localFKIndex="D5D3D4FB-272D-BBB4-30CB-C3C220277D80" name="OWNER_PROPERTY">
<createdBy>jtan0045</createdBy>
<createdTime>2020-10-14 02:47:51 UTC</createdTime>
<generatorID>95F39574-429F-40D0-C0CA-0328139CAF6F</generatorID>
<ownerDesignName>fdas_logical</ownerDesignName>
<referredTableLongName>OWNER</referredTableLongName>
<deleteRule>NO ACTION</deleteRule>
<referredTableID>A329A3F0-3338-DE1D-E282-2C876960F909</referredTableID>
<keyObject>CE504CC9-C4A0-3BFD-2372-1CF87F9BBCC2</keyObject>
<referredKeyID>CE504CC9-C4A0-3BFD-2372-1CF87F9BBCC2</referredKeyID>
<mandatory>true</mandatory>
<refColNames>own_id</refColNames>
<transferable>true</transferable>
<rely>false</rely>
<columnDependencyConstraintGenerateInDDL>true</columnDependencyConstraintGenerateInDDL>
</FKIndexAssociation>
