<?xml version = '1.0' encoding = 'UTF-8'?>
<FKIndexAssociation class="oracle.dbtools.crest.model.design.relational.FKIndexAssociation" directorySegmentName="seg_0" id="961D3D67-0F04-3F01-B6FA-3A4A05334BF8" containerWithKeyObject="5074B5CA-A633-F388-C78F-F91A202D1A26" localFKIndex="D8FF9FA8-7F28-146F-F67F-C44155F85E6A" name="LGA_FIRE">
<createdBy>jtan0045</createdBy>
<createdTime>2020-10-14 02:47:51 UTC</createdTime>
<generatorID>86677CFE-DEB7-91FF-DD5D-C71700BA8178</generatorID>
<ownerDesignName>fdas_logical</ownerDesignName>
<referredTableLongName>LOCAL_GOV_AREA</referredTableLongName>
<deleteRule>NO ACTION</deleteRule>
<referredTableID>B13ED470-787B-801D-FCEE-E56E0088CAE8</referredTableID>
<keyObject>A588A732-85F3-7AC7-1AA4-B2853E8FD48C</keyObject>
<referredKeyID>A588A732-85F3-7AC7-1AA4-B2853E8FD48C</referredKeyID>
<mandatory>true</mandatory>
<refColNames>lga_code</refColNames>
<transferable>true</transferable>
<rely>false</rely>
<columnDependencyConstraintGenerateInDDL>true</columnDependencyConstraintGenerateInDDL>
</FKIndexAssociation>
