<?xml version = '1.0' encoding = 'UTF-8'?>
<FKIndexAssociation class="oracle.dbtools.crest.model.design.relational.FKIndexAssociation" directorySegmentName="seg_0" id="A242D91D-5892-D4DD-2E9C-B4AB58E78B64" containerWithKeyObject="61F4B31F-F953-2E76-5AF5-68CFC66538A7" localFKIndex="F7B84AE3-3F03-0810-12F9-BB69970C0A9A" name="ASS_HISTORY">
<createdBy>jtan0045</createdBy>
<createdTime>2020-10-14 02:47:51 UTC</createdTime>
<generatorID>05D7A002-744F-ECC4-A38D-7536722F5B10</generatorID>
<ownerDesignName>fdas_logical</ownerDesignName>
<referredTableLongName>ASSESSOR</referredTableLongName>
<deleteRule>NO ACTION</deleteRule>
<referredTableID>60A456BC-E164-29D2-0080-8401B1DA76E2</referredTableID>
<keyObject>54EE662F-913C-B835-505F-5CA80DAD5E2D</keyObject>
<referredKeyID>54EE662F-913C-B835-505F-5CA80DAD5E2D</referredKeyID>
<mandatory>true</mandatory>
<refColNames>ass_id</refColNames>
<transferable>true</transferable>
<rely>false</rely>
<columnDependencyConstraintGenerateInDDL>true</columnDependencyConstraintGenerateInDDL>
</FKIndexAssociation>
