<?xml version = '1.0' encoding = 'UTF-8'?>
<FKIndexAssociation class="oracle.dbtools.crest.model.design.relational.FKIndexAssociation" directorySegmentName="seg_0" id="A3F121BA-E207-1E09-48B1-AAD0D4663A0A" containerWithKeyObject="743F03B9-DD86-2AA0-C91F-8D62B827E91E" localFKIndex="624DB833-93F7-3DEA-FDFC-C2E057C464DD" name="ASSIGN_ASSESSOR">
<createdBy>jtan0045</createdBy>
<createdTime>2020-10-14 02:47:51 UTC</createdTime>
<generatorID>ECCB8296-C6D9-5D11-99C8-113DD90D4A95</generatorID>
<ownerDesignName>fdas_logical</ownerDesignName>
<referredTableLongName>ASSESSOR</referredTableLongName>
<deleteRule>NO ACTION</deleteRule>
<referredTableID>60A456BC-E164-29D2-0080-8401B1DA76E2</referredTableID>
<keyObject>54EE662F-913C-B835-505F-5CA80DAD5E2D</keyObject>
<referredKeyID>54EE662F-913C-B835-505F-5CA80DAD5E2D</referredKeyID>
<mandatory>false</mandatory>
<refColNames>ass_id</refColNames>
<transferable>true</transferable>
<rely>false</rely>
<columnDependencyConstraintGenerateInDDL>true</columnDependencyConstraintGenerateInDDL>
</FKIndexAssociation>
