<?xml version = '1.0' encoding = 'UTF-8'?>
<FKIndexAssociation class="oracle.dbtools.crest.model.design.relational.FKIndexAssociation" directorySegmentName="seg_0" id="A80C3AE7-C6E3-38CA-FEB7-E5DC3E8A6F8D" containerWithKeyObject="743F03B9-DD86-2AA0-C91F-8D62B827E91E" localFKIndex="16DF4456-C8F6-4995-6DA6-7D2733B19C99" name="FE_DAMAGE">
<createdBy>jtan0045</createdBy>
<createdTime>2020-10-14 02:47:51 UTC</createdTime>
<generatorID>6414BD18-98CF-AF16-4E39-98C6344230E1</generatorID>
<ownerDesignName>fdas_logical</ownerDesignName>
<referredTableLongName>FIRE_EVENT</referredTableLongName>
<deleteRule>NO ACTION</deleteRule>
<referredTableID>F4A0A7DB-7501-EBC1-A224-6D3558CB14F6</referredTableID>
<keyObject>85A27F42-5BDB-D207-B351-6B7C7C0DBF7D</keyObject>
<referredKeyID>85A27F42-5BDB-D207-B351-6B7C7C0DBF7D</referredKeyID>
<mandatory>true</mandatory>
<refColNames>fe_id</refColNames>
<transferable>true</transferable>
<rely>false</rely>
<columnDependencyConstraintGenerateInDDL>true</columnDependencyConstraintGenerateInDDL>
</FKIndexAssociation>
