<?xml version = '1.0' encoding = 'UTF-8'?>
<FKIndexAssociation class="oracle.dbtools.crest.model.design.relational.FKIndexAssociation" directorySegmentName="seg_0" id="AA7B7A2C-725A-09BE-FFC8-E9A7D312A67F" containerWithKeyObject="B31A7203-1CD1-4CBC-37C5-7F9E21DF591E" localFKIndex="283B17E3-1576-5EE1-7096-444B595D4A52" name="INSURER_BUILDING">
<createdBy>jtan0045</createdBy>
<createdTime>2020-10-14 02:47:51 UTC</createdTime>
<generatorID>528570FA-3E21-18F5-6847-81C082A869A3</generatorID>
<ownerDesignName>fdas_logical</ownerDesignName>
<referredTableLongName>INSURER</referredTableLongName>
<deleteRule>NO ACTION</deleteRule>
<referredTableID>092079BE-4161-6974-32F9-8F3718BF0281</referredTableID>
<keyObject>58486C9B-DC64-BE1F-F680-A3B74D378273</keyObject>
<referredKeyID>58486C9B-DC64-BE1F-F680-A3B74D378273</referredKeyID>
<mandatory>false</mandatory>
<refColNames>ins_code</refColNames>
<transferable>true</transferable>
<rely>false</rely>
<columnDependencyConstraintGenerateInDDL>true</columnDependencyConstraintGenerateInDDL>
</FKIndexAssociation>
