<?xml version = '1.0' encoding = 'UTF-8'?>
<FKIndexAssociation class="oracle.dbtools.crest.model.design.relational.FKIndexAssociation" directorySegmentName="seg_0" id="BBB73D65-2945-BCA4-2951-77F9FD845652" containerWithKeyObject="B31A7203-1CD1-4CBC-37C5-7F9E21DF591E" localFKIndex="116B5225-9020-7917-8230-51B340323766" name="PROP_BUILD">
<createdBy>jtan0045</createdBy>
<createdTime>2020-10-14 02:47:51 UTC</createdTime>
<generatorID>AECB9C3F-9FC9-D2A8-79BA-3B982B6B093B</generatorID>
<ownerDesignName>fdas_logical</ownerDesignName>
<referredTableLongName>PROPERTY</referredTableLongName>
<deleteRule>NO ACTION</deleteRule>
<referredTableID>DCF78411-260A-499C-DEF9-12E8C1D0955E</referredTableID>
<keyObject>002C4B47-A993-A769-ACE0-E8484165ED7C</keyObject>
<referredKeyID>002C4B47-A993-A769-ACE0-E8484165ED7C</referredKeyID>
<mandatory>true</mandatory>
<refColNames>prop_id</refColNames>
<transferable>true</transferable>
<rely>false</rely>
<columnDependencyConstraintGenerateInDDL>true</columnDependencyConstraintGenerateInDDL>
</FKIndexAssociation>
