<?xml version = '1.0' encoding = 'UTF-8'?>
<FKIndexAssociation class="oracle.dbtools.crest.model.design.relational.FKIndexAssociation" directorySegmentName="seg_0" id="BE6C6E11-A9B2-4560-056E-288C751C74A7" containerWithKeyObject="5074B5CA-A633-F388-C78F-F91A202D1A26" localFKIndex="FEC544D7-4A11-97C2-B538-88C274AEF1C3" name="FE_LGA">
<createdBy>jtan0045</createdBy>
<createdTime>2020-10-14 02:47:51 UTC</createdTime>
<generatorID>F9247152-2E9C-435D-BA49-4393E81A96F1</generatorID>
<ownerDesignName>fdas_logical</ownerDesignName>
<referredTableLongName>FIRE_EVENT</referredTableLongName>
<deleteRule>NO ACTION</deleteRule>
<referredTableID>F4A0A7DB-7501-EBC1-A224-6D3558CB14F6</referredTableID>
<keyObject>85A27F42-5BDB-D207-B351-6B7C7C0DBF7D</keyObject>
<referredKeyID>85A27F42-5BDB-D207-B351-6B7C7C0DBF7D</referredKeyID>
<mandatory>true</mandatory>
<refColNames>fe_id</refColNames>
<transferable>true</transferable>
<rely>false</rely>
<columnDependencyConstraintGenerateInDDL>true</columnDependencyConstraintGenerateInDDL>
</FKIndexAssociation>
