<?xml version = '1.0' encoding = 'UTF-8'?>
<FKIndexAssociation class="oracle.dbtools.crest.model.design.relational.FKIndexAssociation" directorySegmentName="seg_0" id="D25D948E-B903-05E8-1052-D0DC9A99385F" containerWithKeyObject="E589D3E9-FC51-AC9F-3B01-91306C72A74C" localFKIndex="9C4068A0-CA10-8488-D42E-70D95A094B67" name="BUILD_VISITS">
<createdBy>jtan0045</createdBy>
<createdTime>2020-10-14 02:47:51 UTC</createdTime>
<generatorID>932759FA-2CE7-F023-7C1B-0E097D31F370</generatorID>
<ownerDesignName>fdas_logical</ownerDesignName>
<referredTableLongName>FE_BUILD_DAMAGE</referredTableLongName>
<deleteRule>NO ACTION</deleteRule>
<referredTableID>743F03B9-DD86-2AA0-C91F-8D62B827E91E</referredTableID>
<keyObject>156E0225-91B0-F7B5-90B4-9343991A8085</keyObject>
<referredKeyID>156E0225-91B0-F7B5-90B4-9343991A8085</referredKeyID>
<mandatory>true</mandatory>
<refColNames>febd_id</refColNames>
<transferable>true</transferable>
<rely>false</rely>
<columnDependencyConstraintGenerateInDDL>true</columnDependencyConstraintGenerateInDDL>
</FKIndexAssociation>
