<?xml version = '1.0' encoding = 'UTF-8'?>
<FKIndexAssociation class="oracle.dbtools.crest.model.design.relational.FKIndexAssociation" directorySegmentName="seg_0" id="FA38EE50-8129-94BC-75A2-5150C29E99DE" containerWithKeyObject="743F03B9-DD86-2AA0-C91F-8D62B827E91E" localFKIndex="4C7379DA-58CF-9AF2-A35E-157A9993799E" name="BUILD_DAMAGE">
<createdBy>jtan0045</createdBy>
<createdTime>2020-10-14 02:47:51 UTC</createdTime>
<generatorID>B73F8A9D-4E9E-B0BE-40AA-9021DA091C1B</generatorID>
<ownerDesignName>fdas_logical</ownerDesignName>
<referredTableLongName>BUILDING</referredTableLongName>
<deleteRule>NO ACTION</deleteRule>
<referredTableID>B31A7203-1CD1-4CBC-37C5-7F9E21DF591E</referredTableID>
<keyObject>579570E8-FFFF-ADFF-06E6-E38E5D26F9FA</keyObject>
<referredKeyID>579570E8-FFFF-ADFF-06E6-E38E5D26F9FA</referredKeyID>
<mandatory>true</mandatory>
<refColNames>build_id</refColNames>
<transferable>true</transferable>
<rely>false</rely>
<columnDependencyConstraintGenerateInDDL>true</columnDependencyConstraintGenerateInDDL>
</FKIndexAssociation>
