<?xml version = '1.0' encoding = 'UTF-8'?>
<Diagram class="oracle.dbtools.crest.swingui.logical.DPVLogical" name="Logical" id="93AAA072-88C4-0388-7EC8-0CA907EC2EC6">
<createdBy>28796527, Joleen Tang</createdBy>
<modifiedBy>28796527, Joleen Tang</modifiedBy>
<createdTime>2020-10-13 05:49:58 UTC</createdTime>
<autoRoute>false</autoRoute>
<boxInbox>true</boxInbox>
<showLegend>true</showLegend>
<showLabels>true</showLabels>
<showRelAttributes>false</showRelAttributes>
<gridEnabled>false</gridEnabled>
<showGrid>false</showGrid>
<diagramColor>-1</diagramColor>
<display>false</display>
<notation>2</notation>
<showAllDetails>false</showAllDetails>
<showElements>true</showElements>
<objectViews>
<OView class="oracle.dbtools.crest.swingui.logical.TVEntity" oid="09C6D502-9359-24BD-DFDA-43D68249063D" otype="Entity" vid="F9D78E4D-D27B-4479-17AF-14B08228ECB4">
<hideElementsInCurrentOnly>false</hideElementsInCurrentOnly>
<bounds x="631" y="462" width="170" height="77"/>
</OView>
<OView class="oracle.dbtools.crest.swingui.logical.TVEntity" oid="18C967EB-F86D-F7A5-11D2-3A062A3214CC" otype="Entity" vid="B25BE343-B220-F04F-D3CD-BCC8CBCCA2D7">
<hideElementsInCurrentOnly>false</hideElementsInCurrentOnly>
<bounds x="910" y="246" width="145" height="132"/>
</OView>
<OView class="oracle.dbtools.crest.swingui.logical.TVEntity" oid="5792E583-A48E-2C1D-92A5-FE007D17ED17" otype="Entity" vid="24B3296F-C39E-AEFC-83CE-8E63A2319F1C">
<hideElementsInCurrentOnly>false</hideElementsInCurrentOnly>
<bounds x="913" y="465" width="170" height="96"/>
</OView>
<OView class="oracle.dbtools.crest.swingui.logical.TVEntity" oid="653661F2-05BC-9FF4-0F42-387200D9109B" otype="Entity" vid="35078123-C22E-55A1-791B-C54FE72DCA4A">
<hideElementsInCurrentOnly>false</hideElementsInCurrentOnly>
<bounds x="363" y="40" width="170" height="111"/>
</OView>
<OView class="oracle.dbtools.crest.swingui.logical.TVEntity" oid="87468C50-9FE3-4406-EFD8-C0AE7B9060EA" otype="Entity" vid="0680841E-892A-4021-7330-84B88B306DD4">
<hideElementsInCurrentOnly>false</hideElementsInCurrentOnly>
<bounds x="360" y="229" width="170" height="139"/>
</OView>
<OView class="oracle.dbtools.crest.swingui.logical.TVEntity" oid="A4B0A3DC-2F73-143E-342D-58B97F7DD0C6" otype="Entity" vid="7E694A19-6CFE-FD06-882C-11CFC945A4E6">
<hideElementsInCurrentOnly>false</hideElementsInCurrentOnly>
<bounds x="365" y="436" width="170" height="62"/>
</OView>
<OView class="oracle.dbtools.crest.swingui.logical.TVEntity" oid="B713F06F-98FF-9CF9-F3A1-187B8BDBDBBE" otype="Entity" vid="00E0AD1E-093F-0200-B2A3-B74F03B54C44">
<hideElementsInCurrentOnly>false</hideElementsInCurrentOnly>
<bounds x="1147" y="252" width="170" height="74"/>
</OView>
<OView class="oracle.dbtools.crest.swingui.logical.TVEntity" oid="C314DCDE-1216-2411-89F0-776F423E3FEC" otype="Entity" vid="B2AA8CA2-AFD1-B6D6-62BD-E9BC6741ABA7">
<hideElementsInCurrentOnly>false</hideElementsInCurrentOnly>
<bounds x="1165" y="463" width="170" height="88"/>
</OView>
<OView class="oracle.dbtools.crest.swingui.logical.TVEntity" oid="C74BB71D-15A6-A6C7-4DEA-C93BA3751895" otype="Entity" vid="474D5C53-71C4-53CD-7AB7-64627801258A">
<hideElementsInCurrentOnly>false</hideElementsInCurrentOnly>
<bounds x="871" y="0" width="199" height="153"/>
</OView>
<OView class="oracle.dbtools.crest.swingui.logical.TVEntity" oid="CCA47CAB-3A8F-CA23-9AA4-20E4301492D0" otype="Entity" vid="A6F83515-52EA-3614-6C0D-EB4CF95A9E70">
<hideElementsInCurrentOnly>false</hideElementsInCurrentOnly>
<bounds x="630" y="251" width="170" height="139"/>
</OView>
<OView class="oracle.dbtools.crest.swingui.TVLegend" oid="F21E115A-87CE-0E33-C56E-90FF3014F904" otype="Legend" vid="1C3B968C-5C53-7A27-CF93-74FD9F3F4086">
<hideElementsInCurrentOnly>false</hideElementsInCurrentOnly>
<bounds x="10" y="10" width="232" height="135"/>
</OView>
<OView class="oracle.dbtools.crest.swingui.logical.TVEntity" oid="F2C7F7C8-278B-7F73-CC8D-46D80D0959AA" otype="Entity" vid="402E9105-8243-18C4-D496-57178A9EB2E8">
<hideElementsInCurrentOnly>false</hideElementsInCurrentOnly>
<bounds x="627" y="37" width="170" height="67"/>
</OView>
<OView class="oracle.dbtools.crest.swingui.logical.TVEntity" oid="FABB1E48-F6DA-F9AD-1CE9-DFF42C1FFC6B" otype="Entity" vid="D79B3757-0E4F-E2A6-0245-7107B6DE7905">
<hideElementsInCurrentOnly>false</hideElementsInCurrentOnly>
<bounds x="48" y="256" width="170" height="72"/>
</OView>
</objectViews>
<connectors>
<Connector class="oracle.dbtools.crest.swingui.logical.TVRelation" oid="05D7A002-744F-ECC4-A38D-7536722F5B10" otype="Relation" vid_source="24B3296F-C39E-AEFC-83CE-8E63A2319F1C" vid_target="B2AA8CA2-AFD1-B6D6-62BD-E9BC6741ABA7">
<hideElementsInCurrentOnly>false</hideElementsInCurrentOnly>
<backgroundColor>-16777216</backgroundColor>
<lineWidth>1</lineWidth>
<sourceLabel class="oracle.dbtools.crest.model.design.Label">
<site>0</site>
<labelBounds x="1093" y="527" width="120" height="30"/>
<noBackgroundColor>true</noBackgroundColor>
<noForegroundColor>true</noForegroundColor>
</sourceLabel>
<points>
<point x="1083" y="527"/>
<point x="1165" y="523"/>
</points>
</Connector>
<Connector class="oracle.dbtools.crest.swingui.logical.TVRelation" oid="08C5CBDA-61C6-0DE3-A54F-416C2CAF6B31" otype="Relation" vid_source="7E694A19-6CFE-FD06-882C-11CFC945A4E6" vid_target="0680841E-892A-4021-7330-84B88B306DD4">
<hideElementsInCurrentOnly>false</hideElementsInCurrentOnly>
<backgroundColor>-16777216</backgroundColor>
<lineWidth>1</lineWidth>
<sourceLabel class="oracle.dbtools.crest.model.design.Label">
<site>0</site>
<labelBounds x="447" y="400" width="61" height="30"/>
<noBackgroundColor>true</noBackgroundColor>
<noForegroundColor>true</noForegroundColor>
</sourceLabel>
<points>
<point x="447" y="436"/>
<point x="447" y="368"/>
</points>
</Connector>
<Connector class="oracle.dbtools.crest.swingui.logical.TVRelation" oid="424A0A51-BE59-6427-650A-FA55059211E4" otype="Relation" vid_source="474D5C53-71C4-53CD-7AB7-64627801258A" vid_target="474D5C53-71C4-53CD-7AB7-64627801258A">
<hideElementsInCurrentOnly>false</hideElementsInCurrentOnly>
<backgroundColor>-16777216</backgroundColor>
<lineWidth>1</lineWidth>
<sourceLabel class="oracle.dbtools.crest.model.design.Label">
<site>0</site>
<labelBounds x="1121" y="29" width="42" height="30"/>
<noBackgroundColor>true</noBackgroundColor>
<noForegroundColor>true</noForegroundColor>
</sourceLabel>
<points>
<point x="1070" y="44"/>
<point x="1121" y="44"/>
<point x="1121" y="122"/>
<point x="1073" y="121"/>
<point x="1070" y="121"/>
</points>
</Connector>
<Connector class="oracle.dbtools.crest.swingui.logical.TVRelation" oid="528570FA-3E21-18F5-6847-81C082A869A3" otype="Relation" vid_source="F9D78E4D-D27B-4479-17AF-14B08228ECB4" vid_target="A6F83515-52EA-3614-6C0D-EB4CF95A9E70">
<hideElementsInCurrentOnly>false</hideElementsInCurrentOnly>
<backgroundColor>-16777216</backgroundColor>
<lineWidth>1</lineWidth>
<sourceLabel class="oracle.dbtools.crest.model.design.Label">
<site>0</site>
<labelBounds x="715" y="426" width="47" height="30"/>
<noBackgroundColor>true</noBackgroundColor>
<noForegroundColor>true</noForegroundColor>
</sourceLabel>
<points>
<point x="715" y="462"/>
<point x="715" y="390"/>
</points>
</Connector>
<Connector class="oracle.dbtools.crest.swingui.logical.TVRelation" oid="6414BD18-98CF-AF16-4E39-98C6344230E1" otype="Relation" vid_source="474D5C53-71C4-53CD-7AB7-64627801258A" vid_target="B25BE343-B220-F04F-D3CD-BCC8CBCCA2D7">
<hideElementsInCurrentOnly>false</hideElementsInCurrentOnly>
<backgroundColor>-16777216</backgroundColor>
<lineWidth>1</lineWidth>
<sourceLabel class="oracle.dbtools.crest.model.design.Label">
<site>0</site>
<labelBounds x="982" y="189" width="47" height="30"/>
<noBackgroundColor>true</noBackgroundColor>
<noForegroundColor>true</noForegroundColor>
</sourceLabel>
<points>
<point x="982" y="153"/>
<point x="982" y="246"/>
</points>
</Connector>
<Connector class="oracle.dbtools.crest.swingui.logical.TVRelation" oid="742CFC58-72DD-DD77-9D20-4E952E20F838" otype="Relation" vid_source="35078123-C22E-55A1-791B-C54FE72DCA4A" vid_target="0680841E-892A-4021-7330-84B88B306DD4">
<hideElementsInCurrentOnly>false</hideElementsInCurrentOnly>
<backgroundColor>-16777216</backgroundColor>
<lineWidth>1</lineWidth>
<sourceLabel class="oracle.dbtools.crest.model.design.Label">
<site>0</site>
<labelBounds x="446" y="187" width="55" height="30"/>
<noBackgroundColor>true</noBackgroundColor>
<noForegroundColor>true</noForegroundColor>
</sourceLabel>
<points>
<point x="446" y="151"/>
<point x="446" y="229"/>
</points>
</Connector>
<Connector class="oracle.dbtools.crest.swingui.logical.TVRelation" oid="780479CA-594B-40F8-37D5-CA9208E00D93" otype="Relation" vid_source="F9D78E4D-D27B-4479-17AF-14B08228ECB4" vid_target="B2AA8CA2-AFD1-B6D6-62BD-E9BC6741ABA7">
<hideElementsInCurrentOnly>false</hideElementsInCurrentOnly>
<backgroundColor>-16777216</backgroundColor>
<lineWidth>1</lineWidth>
<sourceLabel class="oracle.dbtools.crest.model.design.Label">
<site>0</site>
<labelBounds x="744" y="583" width="62" height="30"/>
<noBackgroundColor>true</noBackgroundColor>
<noForegroundColor>true</noForegroundColor>
</sourceLabel>
<points>
<point x="744" y="539"/>
<point x="744" y="603"/>
<point x="1217" y="605"/>
<point x="1217" y="551"/>
</points>
</Connector>
<Connector class="oracle.dbtools.crest.swingui.logical.TVRelation" oid="86677CFE-DEB7-91FF-DD5D-C71700BA8178" otype="Relation" vid_source="35078123-C22E-55A1-791B-C54FE72DCA4A" vid_target="402E9105-8243-18C4-D496-57178A9EB2E8">
<hideElementsInCurrentOnly>false</hideElementsInCurrentOnly>
<backgroundColor>-16777216</backgroundColor>
<lineWidth>1</lineWidth>
<sourceLabel class="oracle.dbtools.crest.model.design.Label">
<site>0</site>
<labelBounds x="543" y="42" width="78" height="30"/>
<noBackgroundColor>true</noBackgroundColor>
<noForegroundColor>true</noForegroundColor>
</sourceLabel>
<points>
<point x="533" y="72"/>
<point x="627" y="72"/>
</points>
</Connector>
<Connector class="oracle.dbtools.crest.swingui.logical.TVRelation" oid="932759FA-2CE7-F023-7C1B-0E097D31F370" otype="Relation" vid_source="B25BE343-B220-F04F-D3CD-BCC8CBCCA2D7" vid_target="00E0AD1E-093F-0200-B2A3-B74F03B54C44">
<hideElementsInCurrentOnly>false</hideElementsInCurrentOnly>
<backgroundColor>-16777216</backgroundColor>
<lineWidth>1</lineWidth>
<sourceLabel class="oracle.dbtools.crest.model.design.Label">
<site>0</site>
<labelBounds x="1065" y="259" width="78" height="30"/>
<noBackgroundColor>true</noBackgroundColor>
<noForegroundColor>true</noForegroundColor>
</sourceLabel>
<points>
<point x="1055" y="289"/>
<point x="1147" y="289"/>
</points>
</Connector>
<Connector class="oracle.dbtools.crest.swingui.logical.TVRelation" oid="95F39574-429F-40D0-C0CA-0328139CAF6F" otype="Relation" vid_source="D79B3757-0E4F-E2A6-0245-7107B6DE7905" vid_target="0680841E-892A-4021-7330-84B88B306DD4">
<hideElementsInCurrentOnly>false</hideElementsInCurrentOnly>
<backgroundColor>-16777216</backgroundColor>
<lineWidth>1</lineWidth>
<sourceLabel class="oracle.dbtools.crest.model.design.Label">
<site>0</site>
<labelBounds x="228" y="262" width="38" height="30"/>
<noBackgroundColor>true</noBackgroundColor>
<noForegroundColor>true</noForegroundColor>
</sourceLabel>
<points>
<point x="218" y="292"/>
<point x="360" y="292"/>
</points>
</Connector>
<Connector class="oracle.dbtools.crest.swingui.logical.TVRelation" oid="AECB9C3F-9FC9-D2A8-79BA-3B982B6B093B" otype="Relation" vid_source="0680841E-892A-4021-7330-84B88B306DD4" vid_target="A6F83515-52EA-3614-6C0D-EB4CF95A9E70">
<hideElementsInCurrentOnly>false</hideElementsInCurrentOnly>
<backgroundColor>-16777216</backgroundColor>
<lineWidth>1</lineWidth>
<sourceLabel class="oracle.dbtools.crest.model.design.Label">
<site>0</site>
<labelBounds x="540" y="279" width="55" height="30"/>
<noBackgroundColor>true</noBackgroundColor>
<noForegroundColor>true</noForegroundColor>
</sourceLabel>
<points>
<point x="530" y="309"/>
<point x="630" y="309"/>
</points>
</Connector>
<Connector class="oracle.dbtools.crest.swingui.logical.TVRelation" oid="B73F8A9D-4E9E-B0BE-40AA-9021DA091C1B" otype="Relation" vid_source="A6F83515-52EA-3614-6C0D-EB4CF95A9E70" vid_target="B25BE343-B220-F04F-D3CD-BCC8CBCCA2D7">
<hideElementsInCurrentOnly>false</hideElementsInCurrentOnly>
<backgroundColor>-16777216</backgroundColor>
<lineWidth>1</lineWidth>
<sourceLabel class="oracle.dbtools.crest.model.design.Label">
<site>0</site>
<labelBounds x="810" y="284" width="43" height="30"/>
<noBackgroundColor>true</noBackgroundColor>
<noForegroundColor>true</noForegroundColor>
</sourceLabel>
<points>
<point x="800" y="314"/>
<point x="910" y="314"/>
</points>
</Connector>
<Connector class="oracle.dbtools.crest.swingui.logical.TVRelation" oid="D278DA8E-2EED-546D-422F-04DF99CB3BBD" otype="Relation" vid_source="F9D78E4D-D27B-4479-17AF-14B08228ECB4" vid_target="24B3296F-C39E-AEFC-83CE-8E63A2319F1C">
<hideElementsInCurrentOnly>false</hideElementsInCurrentOnly>
<backgroundColor>-16777216</backgroundColor>
<lineWidth>1</lineWidth>
<sourceLabel class="oracle.dbtools.crest.model.design.Label">
<site>0</site>
<labelBounds x="811" y="472" width="54" height="30"/>
<noBackgroundColor>true</noBackgroundColor>
<noForegroundColor>true</noForegroundColor>
</sourceLabel>
<points>
<point x="801" y="502"/>
<point x="913" y="502"/>
</points>
</Connector>
<Connector class="oracle.dbtools.crest.swingui.logical.TVRelation" oid="ECCB8296-C6D9-5D11-99C8-113DD90D4A95" otype="Relation" vid_source="24B3296F-C39E-AEFC-83CE-8E63A2319F1C" vid_target="B25BE343-B220-F04F-D3CD-BCC8CBCCA2D7">
<hideElementsInCurrentOnly>false</hideElementsInCurrentOnly>
<backgroundColor>-16777216</backgroundColor>
<lineWidth>1</lineWidth>
<sourceLabel class="oracle.dbtools.crest.model.design.Label">
<site>0</site>
<labelBounds x="984" y="413" width="88" height="30"/>
<noBackgroundColor>true</noBackgroundColor>
<noForegroundColor>true</noForegroundColor>
</sourceLabel>
<points>
<point x="984" y="465"/>
<point x="984" y="378"/>
</points>
</Connector>
<Connector class="oracle.dbtools.crest.swingui.logical.TVRelation" oid="F9247152-2E9C-435D-BA49-4393E81A96F1" otype="Relation" vid_source="474D5C53-71C4-53CD-7AB7-64627801258A" vid_target="402E9105-8243-18C4-D496-57178A9EB2E8">
<hideElementsInCurrentOnly>false</hideElementsInCurrentOnly>
<backgroundColor>-16777216</backgroundColor>
<lineWidth>1</lineWidth>
<sourceLabel class="oracle.dbtools.crest.model.design.Label">
<site>0</site>
<labelBounds x="819" y="40" width="46" height="30"/>
<noBackgroundColor>true</noBackgroundColor>
<noForegroundColor>true</noForegroundColor>
</sourceLabel>
<points>
<point x="871" y="70"/>
<point x="797" y="70"/>
</points>
</Connector>
</connectors>
</Diagram>
