<?xml version = '1.0' encoding = 'UTF-8'?>
<Table class="oracle.dbtools.crest.model.design.relational.Table" directorySegmentName="seg_0" id="092079BE-4161-6974-32F9-8F3718BF0281" name="INSURER">
<createdBy>jtan0045</createdBy>
<createdTime>2020-10-14 02:47:51 UTC</createdTime>
<generatorID>09C6D502-9359-24BD-DFDA-43D68249063D</generatorID>
<ownerDesignName>fdas_logical</ownerDesignName>
<allowColumnReorder>false</allowColumnReorder>
<existDependencyGenerateInDDl>true</existDependencyGenerateInDDl>
<parsed>true</parsed>
<columns itemClass="oracle.dbtools.crest.model.design.relational.Column">
<Column name="ins_code" id="29EE46CB-DB6D-5B21-5542-56BA33B8B9E4">
<createdBy>jtan0045</createdBy>
<createdTime>2020-10-14 02:47:51 UTC</createdTime>
<commentInRDBMS><![CDATA[Unique identifier that distinguishes insurance companies]]></commentInRDBMS>
<generatorID>B847751D-5304-F356-4FEF-01E3842215B1</generatorID>
<ownerDesignName>fdas_logical</ownerDesignName>
<useDomainConstraints>false</useDomainConstraints>
<use>1</use>
<logicalDatatype>LOGDT024</logicalDatatype>
<dataTypeSize>9</dataTypeSize>
<ownDataTypeParameters>9,,</ownDataTypeParameters>
<autoIncrementCycle>false</autoIncrementCycle>
</Column>
<Column name="ins_name" id="D2A41FE6-90BB-0031-1EB6-20B6E491FA77">
<createdBy>jtan0045</createdBy>
<createdTime>2020-10-14 02:47:51 UTC</createdTime>
<commentInRDBMS><![CDATA[Name of insurance company]]></commentInRDBMS>
<generatorID>5EC53A53-A304-5AE7-AE27-082FD2E69920</generatorID>
<ownerDesignName>fdas_logical</ownerDesignName>
<useDomainConstraints>false</useDomainConstraints>
<use>1</use>
<logicalDatatype>LOGDT024</logicalDatatype>
<dataTypeSize>30</dataTypeSize>
<ownDataTypeParameters>30,,</ownDataTypeParameters>
<autoIncrementCycle>false</autoIncrementCycle>
</Column>
<Column name="ins_phoneno" id="AAB1BBAD-9D88-F7E1-4EFE-7B2AC057C55C">
<createdBy>jtan0045</createdBy>
<createdTime>2020-10-14 02:47:51 UTC</createdTime>
<commentInRDBMS><![CDATA[Insurance company phone number]]></commentInRDBMS>
<generatorID>CEE62078-95AC-4CA9-BBEA-EA9A824E3145</generatorID>
<ownerDesignName>fdas_logical</ownerDesignName>
<useDomainConstraints>false</useDomainConstraints>
<use>1</use>
<logicalDatatype>LOGDT024</logicalDatatype>
<dataTypeSize>10</dataTypeSize>
<ownDataTypeParameters>10,,</ownDataTypeParameters>
<autoIncrementCycle>false</autoIncrementCycle>
</Column>
</columns>
<indexes itemClass="oracle.dbtools.crest.model.design.relational.Index">
<ind_PK_UK id="58486C9B-DC64-BE1F-F680-A3B74D378273" name="INSURER_PK">
<createdBy>jtan0045</createdBy>
<createdTime>2020-10-14 02:47:51 UTC</createdTime>
<generatorID>E5F65DA3-2D22-1642-57EA-1C62A59AAED5</generatorID>
<ownerDesignName>fdas_logical</ownerDesignName>
<pk>true</pk>
<indexState>Primary Constraint</indexState>
<isSurrogateKey>false</isSurrogateKey>
<indexColumnUsage>
<colUsage columnID="29EE46CB-DB6D-5B21-5542-56BA33B8B9E4"/>
</indexColumnUsage>
</ind_PK_UK>
</indexes>
</Table>
