<?xml version = '1.0' encoding = 'UTF-8'?>
<Table class="oracle.dbtools.crest.model.design.relational.Table" directorySegmentName="seg_0" id="5074B5CA-A633-F388-C78F-F91A202D1A26" name="LGA_FE">
<createdBy>jtan0045</createdBy>
<createdTime>2020-10-14 02:47:51 UTC</createdTime>
<generatorID>F2C7F7C8-278B-7F73-CC8D-46D80D0959AA</generatorID>
<ownerDesignName>fdas_logical</ownerDesignName>
<allowColumnReorder>false</allowColumnReorder>
<existDependencyGenerateInDDl>true</existDependencyGenerateInDDl>
<parsed>true</parsed>
<columns itemClass="oracle.dbtools.crest.model.design.relational.Column">
<Column name="lga_code" id="89C1B5DD-0546-901E-FA54-FB289E437850">
<createdBy>jtan0045</createdBy>
<createdTime>2020-10-14 02:47:51 UTC</createdTime>
<commentInRDBMS><![CDATA[Unique code identifying a local government area]]></commentInRDBMS>
<generatorID>C5DFCA7E-F228-405B-1B95-1FAC3CDDF53F</generatorID>
<ownerDesignName>fdas_logical</ownerDesignName>
<useDomainConstraints>false</useDomainConstraints>
<use>1</use>
<logicalDatatype>LOGDT019</logicalDatatype>
<dataTypePrecision>3</dataTypePrecision>
<ownDataTypeParameters>,3,</ownDataTypeParameters>
<previousColumn>false</previousColumn>
<autoIncrementCycle>false</autoIncrementCycle>
<associations>
<colAssociation fkAssociation="961D3D67-0F04-3F01-B6FA-3A4A05334BF8" referredColumn="37FE1690-BCF3-7E9D-4D1B-1A3D63AD756E"/>
</associations>
</Column>
<Column name="fe_id" id="3F803C06-DC17-011C-65FB-810D98003D26">
<createdBy>jtan0045</createdBy>
<createdTime>2020-10-14 02:47:51 UTC</createdTime>
<commentInRDBMS><![CDATA[Unique identifier of fire event]]></commentInRDBMS>
<generatorID>B2347545-C0B1-71D9-5EE1-BABA6C08CAE0</generatorID>
<ownerDesignName>fdas_logical</ownerDesignName>
<useDomainConstraints>false</useDomainConstraints>
<use>1</use>
<logicalDatatype>LOGDT025</logicalDatatype>
<dataTypeSize>9</dataTypeSize>
<ownDataTypeParameters>9,,</ownDataTypeParameters>
<previousColumn>false</previousColumn>
<autoIncrementCycle>false</autoIncrementCycle>
<associations>
<colAssociation fkAssociation="BE6C6E11-A9B2-4560-056E-288C751C74A7" referredColumn="60A488F3-8C2F-26D5-62E3-BD20B58A7C3C"/>
</associations>
</Column>
</columns>
<indexes itemClass="oracle.dbtools.crest.model.design.relational.Index">
<ind_PK_UK id="A1F1D39A-F4EB-8E62-EE15-DF256DEF77C7" name="LGA_FE_PK">
<createdBy>jtan0045</createdBy>
<createdTime>2020-10-14 02:47:51 UTC</createdTime>
<generatorID>FD7EF174-9E08-35F7-C699-00475EB121AA</generatorID>
<ownerDesignName>fdas_logical</ownerDesignName>
<pk>true</pk>
<indexState>Primary Constraint</indexState>
<isSurrogateKey>false</isSurrogateKey>
<indexColumnUsage>
<colUsage columnID="3F803C06-DC17-011C-65FB-810D98003D26"/>
<colUsage columnID="89C1B5DD-0546-901E-FA54-FB289E437850"/>
</indexColumnUsage>
</ind_PK_UK>
<ind_PK_UK id="FEC544D7-4A11-97C2-B538-88C274AEF1C3" name="FE_LGA">
<createdBy>jtan0045</createdBy>
<createdTime>2020-10-14 02:47:51 UTC</createdTime>
<generatorID>F9247152-2E9C-435D-BA49-4393E81A96F1</generatorID>
<ownerDesignName>fdas_logical</ownerDesignName>
<indexState>Foreign Key</indexState>
<isSurrogateKey>false</isSurrogateKey>
<indexColumnUsage>
<colUsage columnID="3F803C06-DC17-011C-65FB-810D98003D26"/>
</indexColumnUsage>
</ind_PK_UK>
<ind_PK_UK id="D8FF9FA8-7F28-146F-F67F-C44155F85E6A" name="LGA_FIRE">
<createdBy>jtan0045</createdBy>
<createdTime>2020-10-14 02:47:51 UTC</createdTime>
<generatorID>86677CFE-DEB7-91FF-DD5D-C71700BA8178</generatorID>
<ownerDesignName>fdas_logical</ownerDesignName>
<indexState>Foreign Key</indexState>
<isSurrogateKey>false</isSurrogateKey>
<indexColumnUsage>
<colUsage columnID="89C1B5DD-0546-901E-FA54-FB289E437850"/>
</indexColumnUsage>
</ind_PK_UK>
</indexes>
</Table>
