<?xml version = '1.0' encoding = 'UTF-8'?>
<Table class="oracle.dbtools.crest.model.design.relational.Table" directorySegmentName="seg_0" id="61F4B31F-F953-2E76-5AF5-68CFC66538A7" name="ASS_EMP_HISTORY">
<createdBy>jtan0045</createdBy>
<createdTime>2020-10-14 02:47:51 UTC</createdTime>
<generatorID>C314DCDE-1216-2411-89F0-776F423E3FEC</generatorID>
<ownerDesignName>fdas_logical</ownerDesignName>
<allowColumnReorder>false</allowColumnReorder>
<existDependencyGenerateInDDl>true</existDependencyGenerateInDDl>
<parsed>true</parsed>
<columns itemClass="oracle.dbtools.crest.model.design.relational.Column">
<Column name="aeh_startdate" id="2C918A7C-59FD-DEAB-17A6-2EC9472DF3C5">
<createdBy>jtan0045</createdBy>
<createdTime>2020-10-14 02:47:51 UTC</createdTime>
<commentInRDBMS><![CDATA[Date when assessor started working for particular insurance company]]></commentInRDBMS>
<generatorID>76A7B7FE-7AD9-0B77-D674-C8F4B9857C0F</generatorID>
<ownerDesignName>fdas_logical</ownerDesignName>
<useDomainConstraints>false</useDomainConstraints>
<use>1</use>
<logicalDatatype>LOGDT007</logicalDatatype>
<ownDataTypeParameters>,,</ownDataTypeParameters>
<autoIncrementCycle>false</autoIncrementCycle>
</Column>
<Column name="ass_id" id="D53CC198-AD4C-1AA7-1EA8-CBC2BDEBBFDB">
<createdBy>jtan0045</createdBy>
<createdTime>2020-10-14 02:47:51 UTC</createdTime>
<commentInRDBMS><![CDATA[Unique identifer of assessor]]></commentInRDBMS>
<generatorID>CF85B497-67A4-66AF-D5B1-F69785B74E52</generatorID>
<ownerDesignName>fdas_logical</ownerDesignName>
<useDomainConstraints>false</useDomainConstraints>
<use>1</use>
<logicalDatatype>LOGDT024</logicalDatatype>
<dataTypeSize>4</dataTypeSize>
<ownDataTypeParameters>4,,</ownDataTypeParameters>
<previousColumn>false</previousColumn>
<autoIncrementCycle>false</autoIncrementCycle>
<associations>
<colAssociation fkAssociation="A242D91D-5892-D4DD-2E9C-B4AB58E78B64" referredColumn="E1FCC9F8-EAE2-1186-22C4-D3F7A6BC6561"/>
</associations>
</Column>
<Column name="ins_code" id="18741BD1-387A-6C84-3A52-F2CAD25974B9">
<createdBy>jtan0045</createdBy>
<createdTime>2020-10-14 02:47:51 UTC</createdTime>
<commentInRDBMS><![CDATA[Unique identifier that distinguishes insurance companies]]></commentInRDBMS>
<generatorID>72DDA92A-7497-C2F6-6D74-F51BFFB70982</generatorID>
<ownerDesignName>fdas_logical</ownerDesignName>
<useDomainConstraints>false</useDomainConstraints>
<use>1</use>
<logicalDatatype>LOGDT024</logicalDatatype>
<dataTypeSize>9</dataTypeSize>
<ownDataTypeParameters>9,,</ownDataTypeParameters>
<previousColumn>false</previousColumn>
<autoIncrementCycle>false</autoIncrementCycle>
<associations>
<colAssociation fkAssociation="16D2D69A-33B5-6454-864A-DBEFD0F7932E" referredColumn="29EE46CB-DB6D-5B21-5542-56BA33B8B9E4"/>
</associations>
</Column>
<Column name="aeh_enddate" id="9A194F8A-0A79-D58A-2EF2-86A1E45FFB8F">
<createdBy>jtan0045</createdBy>
<createdTime>2020-10-14 02:47:51 UTC</createdTime>
<commentInRDBMS><![CDATA[Date when assessor stopped working for particular insurance company]]></commentInRDBMS>
<generatorID>3CC32155-64CD-31E7-413A-7E009C01E9CF</generatorID>
<ownerDesignName>fdas_logical</ownerDesignName>
<nullsAllowed>true</nullsAllowed>
<useDomainConstraints>false</useDomainConstraints>
<use>1</use>
<logicalDatatype>LOGDT007</logicalDatatype>
<ownDataTypeParameters>,,</ownDataTypeParameters>
<autoIncrementCycle>false</autoIncrementCycle>
</Column>
</columns>
<indexes itemClass="oracle.dbtools.crest.model.design.relational.Index">
<ind_PK_UK id="5472233C-A91E-EF14-76E1-C21A7E56BC9C" name="ASS_EMP_HISTORY_PK">
<createdBy>jtan0045</createdBy>
<createdTime>2020-10-14 02:47:51 UTC</createdTime>
<generatorID>E2F13B5B-6C22-0783-138A-E9E51EE35E69</generatorID>
<ownerDesignName>fdas_logical</ownerDesignName>
<pk>true</pk>
<indexState>Primary Constraint</indexState>
<isSurrogateKey>false</isSurrogateKey>
<indexColumnUsage>
<colUsage columnID="D53CC198-AD4C-1AA7-1EA8-CBC2BDEBBFDB"/>
<colUsage columnID="2C918A7C-59FD-DEAB-17A6-2EC9472DF3C5"/>
<colUsage columnID="18741BD1-387A-6C84-3A52-F2CAD25974B9"/>
</indexColumnUsage>
</ind_PK_UK>
<ind_PK_UK id="F7B84AE3-3F03-0810-12F9-BB69970C0A9A" name="ASS_HISTORY">
<createdBy>jtan0045</createdBy>
<createdTime>2020-10-14 02:47:51 UTC</createdTime>
<generatorID>05D7A002-744F-ECC4-A38D-7536722F5B10</generatorID>
<ownerDesignName>fdas_logical</ownerDesignName>
<indexState>Foreign Key</indexState>
<isSurrogateKey>false</isSurrogateKey>
<indexColumnUsage>
<colUsage columnID="D53CC198-AD4C-1AA7-1EA8-CBC2BDEBBFDB"/>
</indexColumnUsage>
</ind_PK_UK>
<ind_PK_UK id="D0B0512A-F7BE-5E55-BBFE-25708C8E3600" name="INS_EMP_HISTORY">
<createdBy>jtan0045</createdBy>
<createdTime>2020-10-14 02:47:51 UTC</createdTime>
<generatorID>780479CA-594B-40F8-37D5-CA9208E00D93</generatorID>
<ownerDesignName>fdas_logical</ownerDesignName>
<indexState>Foreign Key</indexState>
<isSurrogateKey>false</isSurrogateKey>
<indexColumnUsage>
<colUsage columnID="18741BD1-387A-6C84-3A52-F2CAD25974B9"/>
</indexColumnUsage>
</ind_PK_UK>
</indexes>
</Table>
