<?xml version = '1.0' encoding = 'UTF-8'?>
<Table class="oracle.dbtools.crest.model.design.relational.Table" directorySegmentName="seg_0" id="743F03B9-DD86-2AA0-C91F-8D62B827E91E" name="FE_BUILD_DAMAGE">
<createdBy>jtan0045</createdBy>
<createdTime>2020-10-14 02:47:51 UTC</createdTime>
<generatorID>18C967EB-F86D-F7A5-11D2-3A062A3214CC</generatorID>
<ownerDesignName>fdas_logical</ownerDesignName>
<allowColumnReorder>false</allowColumnReorder>
<existDependencyGenerateInDDl>true</existDependencyGenerateInDDl>
<parsed>true</parsed>
<columns itemClass="oracle.dbtools.crest.model.design.relational.Column">
<Column name="febd_id" id="990D911C-20BE-A338-7D46-0DCB3ED77F63">
<createdBy>jtan0045</createdBy>
<createdTime>2020-10-14 02:47:51 UTC</createdTime>
<generatorID>FF7C2E4D-B9E7-8573-08E0-595E0623D1F3</generatorID>
<ownerDesignName>fdas_logical</ownerDesignName>
<useDomainConstraints>false</useDomainConstraints>
<use>1</use>
<logicalDatatype>LOGDT019</logicalDatatype>
<dataTypePrecision>6</dataTypePrecision>
<ownDataTypeParameters>,6,</ownDataTypeParameters>
<autoIncrementCycle>false</autoIncrementCycle>
</Column>
<Column name="fe_id" id="FC99F180-9DDF-920D-3336-0B2D76B3A553">
<createdBy>jtan0045</createdBy>
<createdTime>2020-10-14 02:47:51 UTC</createdTime>
<commentInRDBMS><![CDATA[Unique identifier of fire event]]></commentInRDBMS>
<generatorID>1989AA5F-80F4-8E31-D21E-D89ABEF27317</generatorID>
<ownerDesignName>fdas_logical</ownerDesignName>
<useDomainConstraints>false</useDomainConstraints>
<use>1</use>
<logicalDatatype>LOGDT025</logicalDatatype>
<dataTypeSize>9</dataTypeSize>
<ownDataTypeParameters>9,,</ownDataTypeParameters>
<previousColumn>false</previousColumn>
<autoIncrementCycle>false</autoIncrementCycle>
<associations>
<colAssociation fkAssociation="A80C3AE7-C6E3-38CA-FEB7-E5DC3E8A6F8D" referredColumn="60A488F3-8C2F-26D5-62E3-BD20B58A7C3C"/>
</associations>
</Column>
<Column name="febd_dam_cost" id="AB906853-9870-D9AD-4F27-364B5B3CB49C">
<createdBy>jtan0045</createdBy>
<createdTime>2020-10-14 02:47:51 UTC</createdTime>
<commentInRDBMS><![CDATA[Building damage costs incurred by fire in dollars]]></commentInRDBMS>
<generatorID>08C5142F-B1B9-9500-E1E7-0B8C9B8ADEB3</generatorID>
<ownerDesignName>fdas_logical</ownerDesignName>
<useDomainConstraints>false</useDomainConstraints>
<use>1</use>
<logicalDatatype>LOGDT019</logicalDatatype>
<dataTypePrecision>10</dataTypePrecision>
<dataTypeScale>2</dataTypeScale>
<ownDataTypeParameters>,10,2</ownDataTypeParameters>
<autoIncrementCycle>false</autoIncrementCycle>
</Column>
<Column name="febd_total_destroy" id="327E4230-C8C1-FE94-4750-A0802245AB6A">
<createdBy>jtan0045</createdBy>
<createdTime>2020-10-14 02:47:51 UTC</createdTime>
<commentInRDBMS><![CDATA[Whether or not the building is totally destroyed]]></commentInRDBMS>
<generatorID>0E89F456-34E5-96C7-702D-2914C5F77D7A</generatorID>
<ownerDesignName>fdas_logical</ownerDesignName>
<constraintName>chk_total_destroy</constraintName>
<useDomainConstraints>false</useDomainConstraints>
<use>1</use>
<logicalDatatype>LOGDT025</logicalDatatype>
<dataTypeSize>1</dataTypeSize>
<listOfValues>
<valueDef value="N" description="No"/>
<valueDef value="Y" description="Yes"/>
</listOfValues>
<ownDataTypeParameters>1,,</ownDataTypeParameters>
<autoIncrementCycle>false</autoIncrementCycle>
</Column>
<Column name="febd_ins_cov" id="93520B71-3F53-66FC-EED9-F7F47A63F11F">
<createdBy>jtan0045</createdBy>
<createdTime>2020-10-14 02:47:51 UTC</createdTime>
<commentInRDBMS><![CDATA[Whether or not the incurred fire damage is covered by insurance]]></commentInRDBMS>
<generatorID>EC77100D-DB26-379B-ECA7-74B49C05BA6B</generatorID>
<ownerDesignName>fdas_logical</ownerDesignName>
<useDomainConstraints>false</useDomainConstraints>
<use>1</use>
<logicalDatatype>LOGDT025</logicalDatatype>
<dataTypeSize>1</dataTypeSize>
<listOfValues>
<valueDef value="N" description="No, building has no insurance cover"/>
<valueDef value="Y" description="Yes, building has an insurance cover"/>
</listOfValues>
<ownDataTypeParameters>1,,</ownDataTypeParameters>
<autoIncrementCycle>false</autoIncrementCycle>
</Column>
<Column name="build_id" id="6EE4B8B7-9A19-6A82-6AC0-261C8B86CB9B">
<createdBy>jtan0045</createdBy>
<createdTime>2020-10-14 02:47:51 UTC</createdTime>
<commentInRDBMS><![CDATA[Unique identifier for every building across every property]]></commentInRDBMS>
<generatorID>CFEF3630-0333-912A-5107-6E1037CB27D5</generatorID>
<ownerDesignName>fdas_logical</ownerDesignName>
<useDomainConstraints>false</useDomainConstraints>
<use>1</use>
<logicalDatatype>LOGDT019</logicalDatatype>
<dataTypePrecision>7</dataTypePrecision>
<ownDataTypeParameters>,7,</ownDataTypeParameters>
<previousColumn>false</previousColumn>
<autoIncrementCycle>false</autoIncrementCycle>
<associations>
<colAssociation fkAssociation="FA38EE50-8129-94BC-75A2-5150C29E99DE" referredColumn="912EE592-B83C-E961-30B2-61658A4AC319"/>
</associations>
</Column>
<Column name="ass_id" id="2442F67B-45B2-71A4-FA3D-769EC8E21189">
<createdBy>jtan0045</createdBy>
<createdTime>2020-10-14 02:47:51 UTC</createdTime>
<commentInRDBMS><![CDATA[Unique identifer of assessor]]></commentInRDBMS>
<generatorID>493D1C16-563B-D74F-7977-5A45531EC2EF</generatorID>
<ownerDesignName>fdas_logical</ownerDesignName>
<nullsAllowed>true</nullsAllowed>
<useDomainConstraints>false</useDomainConstraints>
<use>1</use>
<logicalDatatype>LOGDT024</logicalDatatype>
<dataTypeSize>4</dataTypeSize>
<ownDataTypeParameters>4,,</ownDataTypeParameters>
<previousColumn>false</previousColumn>
<autoIncrementCycle>false</autoIncrementCycle>
<associations>
<colAssociation fkAssociation="A3F121BA-E207-1E09-48B1-AAD0D4663A0A" referredColumn="E1FCC9F8-EAE2-1186-22C4-D3F7A6BC6561"/>
</associations>
</Column>
</columns>
<indexes itemClass="oracle.dbtools.crest.model.design.relational.Index">
<ind_PK_UK id="156E0225-91B0-F7B5-90B4-9343991A8085" name="FE_BUILD_DAMAGE_PK">
<createdBy>jtan0045</createdBy>
<createdTime>2020-10-14 02:47:51 UTC</createdTime>
<generatorID>E656486F-4400-0E56-544C-7F80EE057B4E</generatorID>
<ownerDesignName>fdas_logical</ownerDesignName>
<pk>true</pk>
<indexState>Primary Constraint</indexState>
<isSurrogateKey>false</isSurrogateKey>
<indexColumnUsage>
<colUsage columnID="990D911C-20BE-A338-7D46-0DCB3ED77F63"/>
</indexColumnUsage>
</ind_PK_UK>
<ind_PK_UK id="858E95C6-973E-F937-756D-48DF97CA897C" name="FE_BUILD_DAMAGE_NK">
<createdBy>jtan0045</createdBy>
<createdTime>2020-10-14 02:47:51 UTC</createdTime>
<generatorID>A4A30701-9FD4-06AA-BB2E-F5BCD3CC5DCF</generatorID>
<ownerDesignName>fdas_logical</ownerDesignName>
<indexState>Unique Constraint</indexState>
<isSurrogateKey>false</isSurrogateKey>
<indexColumnUsage>
<colUsage columnID="6EE4B8B7-9A19-6A82-6AC0-261C8B86CB9B"/>
<colUsage columnID="FC99F180-9DDF-920D-3336-0B2D76B3A553"/>
</indexColumnUsage>
</ind_PK_UK>
<ind_PK_UK id="624DB833-93F7-3DEA-FDFC-C2E057C464DD" name="ASSIGN_ASSESSOR">
<createdBy>jtan0045</createdBy>
<createdTime>2020-10-14 02:47:51 UTC</createdTime>
<generatorID>ECCB8296-C6D9-5D11-99C8-113DD90D4A95</generatorID>
<ownerDesignName>fdas_logical</ownerDesignName>
<indexState>Foreign Key</indexState>
<isSurrogateKey>false</isSurrogateKey>
<indexColumnUsage>
<colUsage columnID="2442F67B-45B2-71A4-FA3D-769EC8E21189"/>
</indexColumnUsage>
</ind_PK_UK>
<ind_PK_UK id="4C7379DA-58CF-9AF2-A35E-157A9993799E" name="BUILD_DAMAGE">
<createdBy>jtan0045</createdBy>
<createdTime>2020-10-14 02:47:51 UTC</createdTime>
<generatorID>B73F8A9D-4E9E-B0BE-40AA-9021DA091C1B</generatorID>
<ownerDesignName>fdas_logical</ownerDesignName>
<indexState>Foreign Key</indexState>
<isSurrogateKey>false</isSurrogateKey>
<indexColumnUsage>
<colUsage columnID="6EE4B8B7-9A19-6A82-6AC0-261C8B86CB9B"/>
</indexColumnUsage>
</ind_PK_UK>
<ind_PK_UK id="16DF4456-C8F6-4995-6DA6-7D2733B19C99" name="FE_DAMAGE">
<createdBy>jtan0045</createdBy>
<createdTime>2020-10-14 02:47:51 UTC</createdTime>
<generatorID>6414BD18-98CF-AF16-4E39-98C6344230E1</generatorID>
<ownerDesignName>fdas_logical</ownerDesignName>
<indexState>Foreign Key</indexState>
<isSurrogateKey>false</isSurrogateKey>
<indexColumnUsage>
<colUsage columnID="FC99F180-9DDF-920D-3336-0B2D76B3A553"/>
</indexColumnUsage>
</ind_PK_UK>
</indexes>
</Table>
