<?xml version = '1.0' encoding = 'UTF-8'?>
<Table class="oracle.dbtools.crest.model.design.relational.Table" directorySegmentName="seg_0" id="A329A3F0-3338-DE1D-E282-2C876960F909" name="OWNER">
<createdBy>jtan0045</createdBy>
<createdTime>2020-10-14 02:47:51 UTC</createdTime>
<generatorID>FABB1E48-F6DA-F9AD-1CE9-DFF42C1FFC6B</generatorID>
<ownerDesignName>fdas_logical</ownerDesignName>
<allowColumnReorder>false</allowColumnReorder>
<existDependencyGenerateInDDl>true</existDependencyGenerateInDDl>
<parsed>true</parsed>
<columns itemClass="oracle.dbtools.crest.model.design.relational.Column">
<Column name="own_id" id="5DBFC1F2-96DB-C960-46B5-87ECECD41A7A">
<createdBy>jtan0045</createdBy>
<createdTime>2020-10-14 02:47:51 UTC</createdTime>
<commentInRDBMS><![CDATA[Unique number identifier of owners]]></commentInRDBMS>
<generatorID>AD236412-300F-6F8E-AD6D-73F2A5AA24CB</generatorID>
<ownerDesignName>fdas_logical</ownerDesignName>
<useDomainConstraints>false</useDomainConstraints>
<use>1</use>
<logicalDatatype>LOGDT019</logicalDatatype>
<dataTypePrecision>6</dataTypePrecision>
<ownDataTypeParameters>,6,</ownDataTypeParameters>
<autoIncrementCycle>false</autoIncrementCycle>
</Column>
<Column name="own_name" id="B198AE56-6022-3C3E-7EC0-F4C29EECA6AA">
<createdBy>jtan0045</createdBy>
<createdTime>2020-10-14 02:47:51 UTC</createdTime>
<commentInRDBMS><![CDATA[Full name of owner (could be individual, business, or body corporate)]]></commentInRDBMS>
<generatorID>90B96EE2-7F8D-36DD-B62D-AC7066CEBE74</generatorID>
<ownerDesignName>fdas_logical</ownerDesignName>
<useDomainConstraints>false</useDomainConstraints>
<use>1</use>
<logicalDatatype>LOGDT024</logicalDatatype>
<dataTypeSize>50</dataTypeSize>
<ownDataTypeParameters>50,,</ownDataTypeParameters>
<autoIncrementCycle>false</autoIncrementCycle>
</Column>
<Column name="own_phoneno" id="7ABECF19-A12C-A23E-21C0-2D60D27AC0F6">
<createdBy>jtan0045</createdBy>
<createdTime>2020-10-14 02:47:51 UTC</createdTime>
<commentInRDBMS><![CDATA[Phone number of owner; max 15 characters to account for international numbers]]></commentInRDBMS>
<generatorID>3D30D0BC-5D23-8166-640E-3CD2A7BB082A</generatorID>
<ownerDesignName>fdas_logical</ownerDesignName>
<useDomainConstraints>false</useDomainConstraints>
<use>1</use>
<logicalDatatype>LOGDT024</logicalDatatype>
<dataTypeSize>15</dataTypeSize>
<ownDataTypeParameters>15,,</ownDataTypeParameters>
<autoIncrementCycle>false</autoIncrementCycle>
</Column>
</columns>
<indexes itemClass="oracle.dbtools.crest.model.design.relational.Index">
<ind_PK_UK id="CE504CC9-C4A0-3BFD-2372-1CF87F9BBCC2" name="OWNER_PK">
<createdBy>jtan0045</createdBy>
<createdTime>2020-10-14 02:47:51 UTC</createdTime>
<generatorID>41AB47C5-0006-2D59-CC39-8EBD418FD408</generatorID>
<ownerDesignName>fdas_logical</ownerDesignName>
<pk>true</pk>
<indexState>Primary Constraint</indexState>
<isSurrogateKey>false</isSurrogateKey>
<indexColumnUsage>
<colUsage columnID="5DBFC1F2-96DB-C960-46B5-87ECECD41A7A"/>
</indexColumnUsage>
</ind_PK_UK>
</indexes>
</Table>
