<?xml version = '1.0' encoding = 'UTF-8'?>
<Table class="oracle.dbtools.crest.model.design.relational.Table" directorySegmentName="seg_0" id="A92546DA-E17E-80D0-3AFC-3F4CA81FC78B" name="PROPERTY_TYPE">
<createdBy>jtan0045</createdBy>
<createdTime>2020-10-14 02:47:51 UTC</createdTime>
<generatorID>A4B0A3DC-2F73-143E-342D-58B97F7DD0C6</generatorID>
<ownerDesignName>fdas_logical</ownerDesignName>
<allowColumnReorder>false</allowColumnReorder>
<existDependencyGenerateInDDl>true</existDependencyGenerateInDDl>
<parsed>true</parsed>
<columns itemClass="oracle.dbtools.crest.model.design.relational.Column">
<Column name="pt_id" id="33FA8E38-7DF3-F3FD-08AB-BF5FA9D7AE1E">
<createdBy>jtan0045</createdBy>
<createdTime>2020-10-14 02:47:51 UTC</createdTime>
<commentInRDBMS><![CDATA[Unique numerical identifer of property type]]></commentInRDBMS>
<generatorID>C076BE87-957C-C3A2-B7FE-E8E328794BE9</generatorID>
<ownerDesignName>fdas_logical</ownerDesignName>
<useDomainConstraints>false</useDomainConstraints>
<use>1</use>
<logicalDatatype>LOGDT019</logicalDatatype>
<dataTypePrecision>3</dataTypePrecision>
<ownDataTypeParameters>,3,</ownDataTypeParameters>
<autoIncrementCycle>false</autoIncrementCycle>
</Column>
<Column name="pt_desc" id="F041D6BC-D0CB-D10C-C73E-6D9142CB4E96">
<createdBy>jtan0045</createdBy>
<createdTime>2020-10-14 02:47:51 UTC</createdTime>
<commentInRDBMS><![CDATA[Description of the property type]]></commentInRDBMS>
<generatorID>1BB86CEE-1A71-076B-9F1B-4B1EE70C9888</generatorID>
<ownerDesignName>fdas_logical</ownerDesignName>
<nullsAllowed>true</nullsAllowed>
<useDomainConstraints>false</useDomainConstraints>
<use>1</use>
<logicalDatatype>LOGDT024</logicalDatatype>
<dataTypeSize>20</dataTypeSize>
<ownDataTypeParameters>20,,</ownDataTypeParameters>
<autoIncrementCycle>false</autoIncrementCycle>
</Column>
</columns>
<indexes itemClass="oracle.dbtools.crest.model.design.relational.Index">
<ind_PK_UK id="C3A0115B-C84E-7DF1-183E-2F14535BD5AE" name="PROPERTY_TYPE_PK">
<createdBy>jtan0045</createdBy>
<createdTime>2020-10-14 02:47:51 UTC</createdTime>
<generatorID>69A59A8A-E6FA-9095-F39C-24BC35073D1E</generatorID>
<ownerDesignName>fdas_logical</ownerDesignName>
<pk>true</pk>
<indexState>Primary Constraint</indexState>
<isSurrogateKey>false</isSurrogateKey>
<indexColumnUsage>
<colUsage columnID="33FA8E38-7DF3-F3FD-08AB-BF5FA9D7AE1E"/>
</indexColumnUsage>
</ind_PK_UK>
</indexes>
</Table>
