<?xml version = '1.0' encoding = 'UTF-8'?>
<Table class="oracle.dbtools.crest.model.design.relational.Table" directorySegmentName="seg_0" id="B13ED470-787B-801D-FCEE-E56E0088CAE8" name="LOCAL_GOV_AREA">
<createdBy>jtan0045</createdBy>
<createdTime>2020-10-14 02:47:51 UTC</createdTime>
<generatorID>653661F2-05BC-9FF4-0F42-387200D9109B</generatorID>
<ownerDesignName>fdas_logical</ownerDesignName>
<allowColumnReorder>false</allowColumnReorder>
<existDependencyGenerateInDDl>true</existDependencyGenerateInDDl>
<parsed>true</parsed>
<columns itemClass="oracle.dbtools.crest.model.design.relational.Column">
<Column name="lga_code" id="37FE1690-BCF3-7E9D-4D1B-1A3D63AD756E">
<createdBy>jtan0045</createdBy>
<createdTime>2020-10-14 02:47:51 UTC</createdTime>
<commentInRDBMS><![CDATA[Unique code identifying a local government area]]></commentInRDBMS>
<generatorID>6129CA41-A42E-4704-A01A-9377C105BC72</generatorID>
<ownerDesignName>fdas_logical</ownerDesignName>
<useDomainConstraints>false</useDomainConstraints>
<use>1</use>
<logicalDatatype>LOGDT019</logicalDatatype>
<dataTypePrecision>3</dataTypePrecision>
<ownDataTypeParameters>,3,</ownDataTypeParameters>
<autoIncrementCycle>false</autoIncrementCycle>
</Column>
<Column name="lga_name" id="66EA2973-F2CE-82D1-7754-D16FD2D8F13B">
<createdBy>jtan0045</createdBy>
<createdTime>2020-10-14 02:47:51 UTC</createdTime>
<commentInRDBMS><![CDATA[Name of local government area]]></commentInRDBMS>
<generatorID>28192FCE-142E-D23E-EA48-49CE7D988D71</generatorID>
<ownerDesignName>fdas_logical</ownerDesignName>
<useDomainConstraints>false</useDomainConstraints>
<use>1</use>
<logicalDatatype>LOGDT024</logicalDatatype>
<dataTypeSize>30</dataTypeSize>
<ownDataTypeParameters>30,,</ownDataTypeParameters>
<autoIncrementCycle>false</autoIncrementCycle>
</Column>
<Column name="lga_size_ha" id="8403150A-B199-E128-6743-6A90B241DBEB">
<createdBy>jtan0045</createdBy>
<createdTime>2020-10-14 02:47:51 UTC</createdTime>
<commentInRDBMS><![CDATA[Size of the local government area in hectares]]></commentInRDBMS>
<generatorID>DFEA7B05-3F4F-0AA0-E9B1-F325389194A2</generatorID>
<ownerDesignName>fdas_logical</ownerDesignName>
<useDomainConstraints>false</useDomainConstraints>
<use>1</use>
<logicalDatatype>LOGDT019</logicalDatatype>
<dataTypePrecision>8</dataTypePrecision>
<dataTypeScale>2</dataTypeScale>
<ownDataTypeParameters>,8,2</ownDataTypeParameters>
<autoIncrementCycle>false</autoIncrementCycle>
</Column>
<Column name="lga_ceo_name" id="2B258503-6EE0-7365-D46B-90DA26AA0C05">
<createdBy>jtan0045</createdBy>
<createdTime>2020-10-14 02:47:51 UTC</createdTime>
<commentInRDBMS><![CDATA[Full name of the local government area's CEO]]></commentInRDBMS>
<generatorID>A49B1D8E-4184-41FC-D6FC-AEB759840232</generatorID>
<ownerDesignName>fdas_logical</ownerDesignName>
<useDomainConstraints>false</useDomainConstraints>
<use>1</use>
<logicalDatatype>LOGDT024</logicalDatatype>
<dataTypeSize>50</dataTypeSize>
<ownDataTypeParameters>50,,</ownDataTypeParameters>
<autoIncrementCycle>false</autoIncrementCycle>
</Column>
<Column name="lga_bf_phoneno" id="61D51C5F-94A5-1C59-7B02-090C66C968BC">
<createdBy>jtan0045</createdBy>
<createdTime>2020-10-14 02:47:51 UTC</createdTime>
<commentInRDBMS><![CDATA[Local government area bushfire emergency contact number]]></commentInRDBMS>
<generatorID>9849E3CE-0530-2FE2-4F2A-A11DD06BF6D1</generatorID>
<ownerDesignName>fdas_logical</ownerDesignName>
<useDomainConstraints>false</useDomainConstraints>
<use>1</use>
<logicalDatatype>LOGDT025</logicalDatatype>
<dataTypeSize>10</dataTypeSize>
<ownDataTypeParameters>10,,</ownDataTypeParameters>
<autoIncrementCycle>false</autoIncrementCycle>
</Column>
</columns>
<indexes itemClass="oracle.dbtools.crest.model.design.relational.Index">
<ind_PK_UK id="A588A732-85F3-7AC7-1AA4-B2853E8FD48C" name="LOCAL_GOV_AREA_PK">
<createdBy>jtan0045</createdBy>
<createdTime>2020-10-14 02:47:51 UTC</createdTime>
<generatorID>1F364F3B-156D-4C58-F3A5-77687E8F6A9B</generatorID>
<ownerDesignName>fdas_logical</ownerDesignName>
<pk>true</pk>
<indexState>Primary Constraint</indexState>
<isSurrogateKey>false</isSurrogateKey>
<indexColumnUsage>
<colUsage columnID="37FE1690-BCF3-7E9D-4D1B-1A3D63AD756E"/>
</indexColumnUsage>
</ind_PK_UK>
</indexes>
</Table>
