<?xml version = '1.0' encoding = 'UTF-8'?>
<Table class="oracle.dbtools.crest.model.design.relational.Table" directorySegmentName="seg_0" id="B31A7203-1CD1-4CBC-37C5-7F9E21DF591E" name="BUILDING">
<createdBy>jtan0045</createdBy>
<createdTime>2020-10-14 02:47:51 UTC</createdTime>
<generatorID>CCA47CAB-3A8F-CA23-9AA4-20E4301492D0</generatorID>
<ownerDesignName>fdas_logical</ownerDesignName>
<allowColumnReorder>false</allowColumnReorder>
<existDependencyGenerateInDDl>true</existDependencyGenerateInDDl>
<parsed>true</parsed>
<columns itemClass="oracle.dbtools.crest.model.design.relational.Column">
<Column name="build_id" id="912EE592-B83C-E961-30B2-61658A4AC319">
<createdBy>jtan0045</createdBy>
<createdTime>2020-10-14 02:47:51 UTC</createdTime>
<commentInRDBMS><![CDATA[Unique identifier for every building across every property]]></commentInRDBMS>
<generatorID>356E9B18-F044-3C47-EC13-871BCA2EA124</generatorID>
<ownerDesignName>fdas_logical</ownerDesignName>
<useDomainConstraints>false</useDomainConstraints>
<use>1</use>
<logicalDatatype>LOGDT019</logicalDatatype>
<dataTypePrecision>7</dataTypePrecision>
<ownDataTypeParameters>,7,</ownDataTypeParameters>
<autoIncrementCycle>false</autoIncrementCycle>
</Column>
<Column name="prop_id" id="5394E9EA-A259-884B-4920-D5EA6E8592C5">
<createdBy>jtan0045</createdBy>
<createdTime>2020-10-14 02:47:51 UTC</createdTime>
<commentInRDBMS><![CDATA[Unique national property ID]]></commentInRDBMS>
<generatorID>6E782368-127B-5937-3E3A-641B1DE7C358</generatorID>
<ownerDesignName>fdas_logical</ownerDesignName>
<useDomainConstraints>false</useDomainConstraints>
<use>1</use>
<logicalDatatype>LOGDT019</logicalDatatype>
<dataTypePrecision>8</dataTypePrecision>
<ownDataTypeParameters>,8,</ownDataTypeParameters>
<previousColumn>false</previousColumn>
<autoIncrementCycle>false</autoIncrementCycle>
<associations>
<colAssociation fkAssociation="BBB73D65-2945-BCA4-2951-77F9FD845652" referredColumn="6A52F593-2A21-B86E-0B65-F597DD27AA74"/>
</associations>
</Column>
<Column name="build_no" id="F48C40A1-4C3D-9233-3103-A3F5A35C17A0">
<createdBy>jtan0045</createdBy>
<createdTime>2020-10-14 02:47:51 UTC</createdTime>
<commentInRDBMS><![CDATA[Building number identifier for buildings on a single property]]></commentInRDBMS>
<generatorID>F8F2584A-D362-55F3-1308-09BEEC49CCB8</generatorID>
<ownerDesignName>fdas_logical</ownerDesignName>
<useDomainConstraints>false</useDomainConstraints>
<use>1</use>
<logicalDatatype>LOGDT019</logicalDatatype>
<dataTypePrecision>3</dataTypePrecision>
<ownDataTypeParameters>,3,</ownDataTypeParameters>
<autoIncrementCycle>false</autoIncrementCycle>
</Column>
<Column name="build_approv_date" id="2E91AEAD-6420-FEF8-283C-C4ADB732E67E">
<createdBy>jtan0045</createdBy>
<createdTime>2020-10-14 02:47:51 UTC</createdTime>
<commentInRDBMS><![CDATA[Date on which the building was approved for construction]]></commentInRDBMS>
<generatorID>732D5007-4A89-8705-1755-033EE27752D0</generatorID>
<ownerDesignName>fdas_logical</ownerDesignName>
<nullsAllowed>true</nullsAllowed>
<useDomainConstraints>false</useDomainConstraints>
<use>1</use>
<logicalDatatype>LOGDT007</logicalDatatype>
<ownDataTypeParameters>,,</ownDataTypeParameters>
<autoIncrementCycle>false</autoIncrementCycle>
</Column>
<Column name="build_size" id="E1507327-B2F7-B2DB-56C1-3D0B6F25EE12">
<createdBy>jtan0045</createdBy>
<createdTime>2020-10-14 02:47:51 UTC</createdTime>
<commentInRDBMS><![CDATA[The size of the building, in square meters]]></commentInRDBMS>
<generatorID>1EF7075D-2AF0-79DF-6C63-EA7B9990B23D</generatorID>
<ownerDesignName>fdas_logical</ownerDesignName>
<useDomainConstraints>false</useDomainConstraints>
<use>1</use>
<logicalDatatype>LOGDT019</logicalDatatype>
<dataTypePrecision>8</dataTypePrecision>
<ownDataTypeParameters>,8,</ownDataTypeParameters>
<autoIncrementCycle>false</autoIncrementCycle>
</Column>
<Column name="build_class" id="EC8FF57B-3E9E-3BF3-8E2E-3302208260A7">
<createdBy>jtan0045</createdBy>
<createdTime>2020-10-14 02:47:51 UTC</createdTime>
<commentInRDBMS><![CDATA[National Construction Code Class of the building]]></commentInRDBMS>
<generatorID>A1CC5C72-42AF-9B3A-040F-D7236AE571D1</generatorID>
<ownerDesignName>fdas_logical</ownerDesignName>
<useDomainConstraints>false</useDomainConstraints>
<use>1</use>
<logicalDatatype>LOGDT019</logicalDatatype>
<dataTypePrecision>3</dataTypePrecision>
<ownDataTypeParameters>,3,</ownDataTypeParameters>
<autoIncrementCycle>false</autoIncrementCycle>
</Column>
<Column name="build_lga_value" id="01241F6C-8E2F-2146-1573-115CC86FC514">
<createdBy>jtan0045</createdBy>
<createdTime>2020-10-14 02:47:51 UTC</createdTime>
<commentInRDBMS><![CDATA[LGA estimated value of the building, in dollars]]></commentInRDBMS>
<generatorID>00FB6A5E-CB6D-9470-BCFA-F7A8133A098D</generatorID>
<ownerDesignName>fdas_logical</ownerDesignName>
<useDomainConstraints>false</useDomainConstraints>
<use>1</use>
<logicalDatatype>LOGDT019</logicalDatatype>
<dataTypePrecision>10</dataTypePrecision>
<dataTypeScale>2</dataTypeScale>
<ownDataTypeParameters>,10,2</ownDataTypeParameters>
<autoIncrementCycle>false</autoIncrementCycle>
</Column>
<Column name="ins_code" id="9E7E20B8-EE21-AC48-FEFB-C623E1CD1FF4">
<createdBy>jtan0045</createdBy>
<createdTime>2020-10-14 02:47:51 UTC</createdTime>
<commentInRDBMS><![CDATA[Unique identifier that distinguishes insurance companies]]></commentInRDBMS>
<generatorID>8516FF2A-27F1-CC57-76CD-F88E1595058C</generatorID>
<ownerDesignName>fdas_logical</ownerDesignName>
<nullsAllowed>true</nullsAllowed>
<useDomainConstraints>false</useDomainConstraints>
<use>1</use>
<logicalDatatype>LOGDT024</logicalDatatype>
<dataTypeSize>9</dataTypeSize>
<ownDataTypeParameters>9,,</ownDataTypeParameters>
<previousColumn>false</previousColumn>
<autoIncrementCycle>false</autoIncrementCycle>
<associations>
<colAssociation fkAssociation="AA7B7A2C-725A-09BE-FFC8-E9A7D312A67F" referredColumn="29EE46CB-DB6D-5B21-5542-56BA33B8B9E4"/>
</associations>
</Column>
</columns>
<indexes itemClass="oracle.dbtools.crest.model.design.relational.Index">
<ind_PK_UK id="579570E8-FFFF-ADFF-06E6-E38E5D26F9FA" name="BUILDING_PK">
<createdBy>jtan0045</createdBy>
<createdTime>2020-10-14 02:47:51 UTC</createdTime>
<generatorID>910DF565-BF8B-3CCC-0624-7082F670486E</generatorID>
<ownerDesignName>fdas_logical</ownerDesignName>
<pk>true</pk>
<indexState>Primary Constraint</indexState>
<isSurrogateKey>false</isSurrogateKey>
<indexColumnUsage>
<colUsage columnID="912EE592-B83C-E961-30B2-61658A4AC319"/>
</indexColumnUsage>
</ind_PK_UK>
<ind_PK_UK id="E3BB1F18-2ECF-DB12-B10A-ACCA7D706C16" name="BUILDING_NK">
<createdBy>jtan0045</createdBy>
<createdTime>2020-10-14 02:47:51 UTC</createdTime>
<generatorID>E6B1DB42-4EF3-6485-54C6-67AA3512BBF8</generatorID>
<ownerDesignName>fdas_logical</ownerDesignName>
<indexState>Unique Constraint</indexState>
<isSurrogateKey>false</isSurrogateKey>
<indexColumnUsage>
<colUsage columnID="F48C40A1-4C3D-9233-3103-A3F5A35C17A0"/>
<colUsage columnID="5394E9EA-A259-884B-4920-D5EA6E8592C5"/>
</indexColumnUsage>
</ind_PK_UK>
<ind_PK_UK id="283B17E3-1576-5EE1-7096-444B595D4A52" name="INSURER_BUILDING">
<createdBy>jtan0045</createdBy>
<createdTime>2020-10-14 02:47:51 UTC</createdTime>
<generatorID>528570FA-3E21-18F5-6847-81C082A869A3</generatorID>
<ownerDesignName>fdas_logical</ownerDesignName>
<indexState>Foreign Key</indexState>
<isSurrogateKey>false</isSurrogateKey>
<indexColumnUsage>
<colUsage columnID="9E7E20B8-EE21-AC48-FEFB-C623E1CD1FF4"/>
</indexColumnUsage>
</ind_PK_UK>
<ind_PK_UK id="116B5225-9020-7917-8230-51B340323766" name="PROP_BUILD">
<createdBy>jtan0045</createdBy>
<createdTime>2020-10-14 02:47:51 UTC</createdTime>
<generatorID>AECB9C3F-9FC9-D2A8-79BA-3B982B6B093B</generatorID>
<ownerDesignName>fdas_logical</ownerDesignName>
<indexState>Foreign Key</indexState>
<isSurrogateKey>false</isSurrogateKey>
<indexColumnUsage>
<colUsage columnID="5394E9EA-A259-884B-4920-D5EA6E8592C5"/>
</indexColumnUsage>
</ind_PK_UK>
</indexes>
</Table>
