<?xml version = '1.0' encoding = 'UTF-8'?>
<Table class="oracle.dbtools.crest.model.design.relational.Table" directorySegmentName="seg_0" id="DCF78411-260A-499C-DEF9-12E8C1D0955E" name="PROPERTY">
<createdBy>jtan0045</createdBy>
<createdTime>2020-10-14 02:47:51 UTC</createdTime>
<generatorID>87468C50-9FE3-4406-EFD8-C0AE7B9060EA</generatorID>
<ownerDesignName>fdas_logical</ownerDesignName>
<allowColumnReorder>false</allowColumnReorder>
<existDependencyGenerateInDDl>true</existDependencyGenerateInDDl>
<parsed>true</parsed>
<columns itemClass="oracle.dbtools.crest.model.design.relational.Column">
<Column name="prop_id" id="6A52F593-2A21-B86E-0B65-F597DD27AA74">
<createdBy>jtan0045</createdBy>
<createdTime>2020-10-14 02:47:51 UTC</createdTime>
<commentInRDBMS><![CDATA[Unique national property ID]]></commentInRDBMS>
<generatorID>CB2BC503-5FB0-A115-FE74-CB959D2C4550</generatorID>
<ownerDesignName>fdas_logical</ownerDesignName>
<useDomainConstraints>false</useDomainConstraints>
<use>1</use>
<logicalDatatype>LOGDT019</logicalDatatype>
<dataTypePrecision>8</dataTypePrecision>
<ownDataTypeParameters>,8,</ownDataTypeParameters>
<autoIncrementCycle>false</autoIncrementCycle>
</Column>
<Column name="prop_street" id="174B9681-16C5-D2CC-3561-5B74C7B366D3">
<createdBy>jtan0045</createdBy>
<createdTime>2020-10-14 02:47:51 UTC</createdTime>
<commentInRDBMS><![CDATA[Street component of property address]]></commentInRDBMS>
<generatorID>76687CC9-674E-161C-E205-7817C8D7CE35</generatorID>
<ownerDesignName>fdas_logical</ownerDesignName>
<useDomainConstraints>false</useDomainConstraints>
<use>1</use>
<logicalDatatype>LOGDT024</logicalDatatype>
<dataTypeSize>30</dataTypeSize>
<ownDataTypeParameters>30,,</ownDataTypeParameters>
<autoIncrementCycle>false</autoIncrementCycle>
</Column>
<Column name="prop_town" id="47652E43-3E72-A557-7750-A97727967FD8">
<createdBy>jtan0045</createdBy>
<createdTime>2020-10-14 02:47:51 UTC</createdTime>
<commentInRDBMS><![CDATA[Town component of property address]]></commentInRDBMS>
<generatorID>25C473C8-4FE7-4D55-4868-A48E9F6852C8</generatorID>
<ownerDesignName>fdas_logical</ownerDesignName>
<useDomainConstraints>false</useDomainConstraints>
<use>1</use>
<logicalDatatype>LOGDT024</logicalDatatype>
<dataTypeSize>20</dataTypeSize>
<ownDataTypeParameters>20,,</ownDataTypeParameters>
<autoIncrementCycle>false</autoIncrementCycle>
</Column>
<Column name="prop_postcode" id="74B4025B-4459-9F0D-8CE5-329B1EA1BD21">
<createdBy>jtan0045</createdBy>
<createdTime>2020-10-14 02:47:51 UTC</createdTime>
<commentInRDBMS><![CDATA[Postcode component of property address]]></commentInRDBMS>
<generatorID>637FFB79-0175-FBCD-2A30-5BEBD33DB9AB</generatorID>
<ownerDesignName>fdas_logical</ownerDesignName>
<useDomainConstraints>false</useDomainConstraints>
<use>1</use>
<logicalDatatype>LOGDT025</logicalDatatype>
<dataTypeSize>4</dataTypeSize>
<ownDataTypeParameters>4,,</ownDataTypeParameters>
<autoIncrementCycle>false</autoIncrementCycle>
</Column>
<Column name="prop_size_ha" id="F7F72E69-DD09-4CEA-D22B-64A56F196283">
<createdBy>jtan0045</createdBy>
<createdTime>2020-10-14 02:47:51 UTC</createdTime>
<commentInRDBMS><![CDATA[The size of the property in hectares]]></commentInRDBMS>
<generatorID>1F4D2370-111D-06FD-249E-E14CC4BCE946</generatorID>
<ownerDesignName>fdas_logical</ownerDesignName>
<nullsAllowed>true</nullsAllowed>
<useDomainConstraints>false</useDomainConstraints>
<use>1</use>
<logicalDatatype>LOGDT019</logicalDatatype>
<dataTypePrecision>9</dataTypePrecision>
<dataTypeScale>2</dataTypeScale>
<ownDataTypeParameters>,9,2</ownDataTypeParameters>
<autoIncrementCycle>false</autoIncrementCycle>
</Column>
<Column name="own_id" id="D72577EB-D7E2-70BE-F871-0DE68D984DF1">
<createdBy>jtan0045</createdBy>
<createdTime>2020-10-14 02:47:51 UTC</createdTime>
<commentInRDBMS><![CDATA[Unique number identifier of owners]]></commentInRDBMS>
<generatorID>68DA421F-EED9-E1CB-A905-3E8C5D081520</generatorID>
<ownerDesignName>fdas_logical</ownerDesignName>
<useDomainConstraints>false</useDomainConstraints>
<use>1</use>
<logicalDatatype>LOGDT019</logicalDatatype>
<dataTypePrecision>6</dataTypePrecision>
<ownDataTypeParameters>,6,</ownDataTypeParameters>
<previousColumn>false</previousColumn>
<autoIncrementCycle>false</autoIncrementCycle>
<associations>
<colAssociation fkAssociation="544A57C1-D0B9-CAFD-D72C-5406F79CCCAA" referredColumn="5DBFC1F2-96DB-C960-46B5-87ECECD41A7A"/>
</associations>
</Column>
<Column name="lga_code" id="48A8B0E4-69B2-0397-8057-263494DCE6D7">
<createdBy>jtan0045</createdBy>
<createdTime>2020-10-14 02:47:51 UTC</createdTime>
<commentInRDBMS><![CDATA[Unique code identifying a local government area]]></commentInRDBMS>
<generatorID>E3AADADA-3F0B-6283-445E-EA4CA15D6213</generatorID>
<ownerDesignName>fdas_logical</ownerDesignName>
<useDomainConstraints>false</useDomainConstraints>
<use>1</use>
<logicalDatatype>LOGDT019</logicalDatatype>
<dataTypePrecision>3</dataTypePrecision>
<ownDataTypeParameters>,3,</ownDataTypeParameters>
<previousColumn>false</previousColumn>
<autoIncrementCycle>false</autoIncrementCycle>
<associations>
<colAssociation fkAssociation="382E2A1E-2B3E-B95D-98CF-8CD49FD3694B" referredColumn="37FE1690-BCF3-7E9D-4D1B-1A3D63AD756E"/>
</associations>
</Column>
<Column name="pt_id" id="D6902510-CB10-C5EC-E902-3F543D5CF3DB">
<createdBy>jtan0045</createdBy>
<createdTime>2020-10-14 02:47:51 UTC</createdTime>
<commentInRDBMS><![CDATA[Unique numerical identifer of property type]]></commentInRDBMS>
<generatorID>C90F0BB4-839F-F5E7-076D-DC1D99615E88</generatorID>
<ownerDesignName>fdas_logical</ownerDesignName>
<useDomainConstraints>false</useDomainConstraints>
<use>1</use>
<logicalDatatype>LOGDT019</logicalDatatype>
<dataTypePrecision>3</dataTypePrecision>
<ownDataTypeParameters>,3,</ownDataTypeParameters>
<previousColumn>false</previousColumn>
<autoIncrementCycle>false</autoIncrementCycle>
<associations>
<colAssociation fkAssociation="13FE1913-8909-A24A-BC45-DEF3A99E6BFB" referredColumn="33FA8E38-7DF3-F3FD-08AB-BF5FA9D7AE1E"/>
</associations>
</Column>
</columns>
<indexes itemClass="oracle.dbtools.crest.model.design.relational.Index">
<ind_PK_UK id="002C4B47-A993-A769-ACE0-E8484165ED7C" name="PROPERTY_PK">
<createdBy>jtan0045</createdBy>
<createdTime>2020-10-14 02:47:51 UTC</createdTime>
<generatorID>72E15DE9-52AD-DBFC-142A-2769AC08C773</generatorID>
<ownerDesignName>fdas_logical</ownerDesignName>
<pk>true</pk>
<indexState>Primary Constraint</indexState>
<isSurrogateKey>false</isSurrogateKey>
<indexColumnUsage>
<colUsage columnID="6A52F593-2A21-B86E-0B65-F597DD27AA74"/>
</indexColumnUsage>
</ind_PK_UK>
<ind_PK_UK id="C748CA5F-5B32-4D86-CA9B-2D430E0E711E" name="LGA_PROPERTY">
<createdBy>jtan0045</createdBy>
<createdTime>2020-10-14 02:47:51 UTC</createdTime>
<generatorID>742CFC58-72DD-DD77-9D20-4E952E20F838</generatorID>
<ownerDesignName>fdas_logical</ownerDesignName>
<indexState>Foreign Key</indexState>
<isSurrogateKey>false</isSurrogateKey>
<indexColumnUsage>
<colUsage columnID="48A8B0E4-69B2-0397-8057-263494DCE6D7"/>
</indexColumnUsage>
</ind_PK_UK>
<ind_PK_UK id="D5D3D4FB-272D-BBB4-30CB-C3C220277D80" name="OWNER_PROPERTY">
<createdBy>jtan0045</createdBy>
<createdTime>2020-10-14 02:47:51 UTC</createdTime>
<generatorID>95F39574-429F-40D0-C0CA-0328139CAF6F</generatorID>
<ownerDesignName>fdas_logical</ownerDesignName>
<indexState>Foreign Key</indexState>
<isSurrogateKey>false</isSurrogateKey>
<indexColumnUsage>
<colUsage columnID="D72577EB-D7E2-70BE-F871-0DE68D984DF1"/>
</indexColumnUsage>
</ind_PK_UK>
<ind_PK_UK id="71B0B6FB-1634-054B-9A7F-7638F49D35D4" name="PROPERTY_TYPE">
<createdBy>jtan0045</createdBy>
<createdTime>2020-10-14 02:47:51 UTC</createdTime>
<generatorID>08C5CBDA-61C6-0DE3-A54F-416C2CAF6B31</generatorID>
<ownerDesignName>fdas_logical</ownerDesignName>
<indexState>Foreign Key</indexState>
<isSurrogateKey>false</isSurrogateKey>
<indexColumnUsage>
<colUsage columnID="D6902510-CB10-C5EC-E902-3F543D5CF3DB"/>
</indexColumnUsage>
</ind_PK_UK>
</indexes>
</Table>
