<?xml version = '1.0' encoding = 'UTF-8'?>
<Table class="oracle.dbtools.crest.model.design.relational.Table" directorySegmentName="seg_0" id="E589D3E9-FC51-AC9F-3B01-91306C72A74C" name="BUILD_DAM_VISIT">
<createdBy>jtan0045</createdBy>
<createdTime>2020-10-14 02:47:51 UTC</createdTime>
<generatorID>B713F06F-98FF-9CF9-F3A1-187B8BDBDBBE</generatorID>
<ownerDesignName>fdas_logical</ownerDesignName>
<allowColumnReorder>false</allowColumnReorder>
<existDependencyGenerateInDDl>true</existDependencyGenerateInDDl>
<parsed>true</parsed>
<columns itemClass="oracle.dbtools.crest.model.design.relational.Column">
<Column name="febd_id" id="EDF36518-8751-7719-F90D-944FEF594B6B">
<createdBy>jtan0045</createdBy>
<createdTime>2020-10-14 02:47:51 UTC</createdTime>
<generatorID>7AD8C93B-B8F3-48D7-47AA-C9244A51E42D</generatorID>
<ownerDesignName>fdas_logical</ownerDesignName>
<useDomainConstraints>false</useDomainConstraints>
<use>1</use>
<logicalDatatype>LOGDT019</logicalDatatype>
<dataTypePrecision>6</dataTypePrecision>
<ownDataTypeParameters>,6,</ownDataTypeParameters>
<previousColumn>false</previousColumn>
<autoIncrementCycle>false</autoIncrementCycle>
<associations>
<colAssociation fkAssociation="D25D948E-B903-05E8-1052-D0DC9A99385F" referredColumn="990D911C-20BE-A338-7D46-0DCB3ED77F63"/>
</associations>
</Column>
<Column name="bdv_datetime_arrive" id="02132DEA-99AC-49D3-997E-AA6850851EE2">
<createdBy>jtan0045</createdBy>
<createdTime>2020-10-14 02:47:51 UTC</createdTime>
<commentInRDBMS><![CDATA[Date and time assessor arrived for building damage assessment visit]]></commentInRDBMS>
<generatorID>C55F1A72-AD78-7E5D-042C-861E077B7836</generatorID>
<ownerDesignName>fdas_logical</ownerDesignName>
<useDomainConstraints>false</useDomainConstraints>
<use>1</use>
<logicalDatatype>LOGDT007</logicalDatatype>
<ownDataTypeParameters>,,</ownDataTypeParameters>
<autoIncrementCycle>false</autoIncrementCycle>
</Column>
<Column name="bdv_datetime_depart" id="2FE6D9FC-6DD9-26FE-C7E0-F8038CDE3061">
<createdBy>jtan0045</createdBy>
<createdTime>2020-10-14 02:47:51 UTC</createdTime>
<commentInRDBMS><![CDATA[Date and time assessor departed after  building damage assessment visit]]></commentInRDBMS>
<generatorID>C83D3F2E-AFBC-6FA9-5A5B-268D55AD2B87</generatorID>
<ownerDesignName>fdas_logical</ownerDesignName>
<nullsAllowed>true</nullsAllowed>
<useDomainConstraints>false</useDomainConstraints>
<use>1</use>
<logicalDatatype>LOGDT007</logicalDatatype>
<ownDataTypeParameters>,,</ownDataTypeParameters>
<autoIncrementCycle>false</autoIncrementCycle>
</Column>
</columns>
<indexes itemClass="oracle.dbtools.crest.model.design.relational.Index">
<ind_PK_UK id="0C3C6046-B08F-CFFF-0318-28DF05ACACAD" name="BUILD_DAM_VISIT_PK">
<createdBy>jtan0045</createdBy>
<createdTime>2020-10-14 02:47:51 UTC</createdTime>
<generatorID>FD6D3CA2-E322-B2CE-013B-E64AC3A32F81</generatorID>
<ownerDesignName>fdas_logical</ownerDesignName>
<pk>true</pk>
<indexState>Primary Constraint</indexState>
<isSurrogateKey>false</isSurrogateKey>
<indexColumnUsage>
<colUsage columnID="EDF36518-8751-7719-F90D-944FEF594B6B"/>
<colUsage columnID="02132DEA-99AC-49D3-997E-AA6850851EE2"/>
</indexColumnUsage>
</ind_PK_UK>
<ind_PK_UK id="9C4068A0-CA10-8488-D42E-70D95A094B67" name="BUILD_VISITS">
<createdBy>jtan0045</createdBy>
<createdTime>2020-10-14 02:47:51 UTC</createdTime>
<generatorID>932759FA-2CE7-F023-7C1B-0E097D31F370</generatorID>
<ownerDesignName>fdas_logical</ownerDesignName>
<indexState>Foreign Key</indexState>
<isSurrogateKey>false</isSurrogateKey>
<indexColumnUsage>
<colUsage columnID="EDF36518-8751-7719-F90D-944FEF594B6B"/>
</indexColumnUsage>
</ind_PK_UK>
</indexes>
</Table>
