<?xml version = '1.0' encoding = 'UTF-8'?>
<Table class="oracle.dbtools.crest.model.design.relational.Table" directorySegmentName="seg_0" id="F4A0A7DB-7501-EBC1-A224-6D3558CB14F6" name="FIRE_EVENT">
<createdBy>jtan0045</createdBy>
<createdTime>2020-10-14 02:47:51 UTC</createdTime>
<generatorID>C74BB71D-15A6-A6C7-4DEA-C93BA3751895</generatorID>
<ownerDesignName>fdas_logical</ownerDesignName>
<allowColumnReorder>false</allowColumnReorder>
<existDependencyGenerateInDDl>true</existDependencyGenerateInDDl>
<parsed>true</parsed>
<columns itemClass="oracle.dbtools.crest.model.design.relational.Column">
<Column name="fe_id" id="60A488F3-8C2F-26D5-62E3-BD20B58A7C3C">
<createdBy>jtan0045</createdBy>
<createdTime>2020-10-14 02:47:51 UTC</createdTime>
<commentInRDBMS><![CDATA[Unique identifier of fire event]]></commentInRDBMS>
<generatorID>46C454C9-13C2-50A6-081E-2DB4E886CC3A</generatorID>
<ownerDesignName>fdas_logical</ownerDesignName>
<useDomainConstraints>false</useDomainConstraints>
<use>1</use>
<logicalDatatype>LOGDT025</logicalDatatype>
<dataTypeSize>9</dataTypeSize>
<ownDataTypeParameters>9,,</ownDataTypeParameters>
<autoIncrementCycle>false</autoIncrementCycle>
</Column>
<Column name="fe_name" id="73DC6459-FB40-A020-931A-114472C70FBF">
<createdBy>jtan0045</createdBy>
<createdTime>2020-10-14 02:47:51 UTC</createdTime>
<commentInRDBMS><![CDATA[Name of fire event]]></commentInRDBMS>
<generatorID>6176113F-95A9-A64B-F509-ECECE5D85C0B</generatorID>
<ownerDesignName>fdas_logical</ownerDesignName>
<nullsAllowed>true</nullsAllowed>
<useDomainConstraints>false</useDomainConstraints>
<use>1</use>
<logicalDatatype>LOGDT024</logicalDatatype>
<dataTypeSize>30</dataTypeSize>
<ownDataTypeParameters>30,,</ownDataTypeParameters>
<autoIncrementCycle>false</autoIncrementCycle>
</Column>
<Column name="fe_start_date" id="1415CC5F-C909-7942-72B6-0DBF7B0B98B9">
<createdBy>jtan0045</createdBy>
<createdTime>2020-10-14 02:47:51 UTC</createdTime>
<commentInRDBMS><![CDATA[Date when fire event started]]></commentInRDBMS>
<generatorID>1513C792-A033-AF0B-75EA-B0303D55C57C</generatorID>
<ownerDesignName>fdas_logical</ownerDesignName>
<useDomainConstraints>false</useDomainConstraints>
<use>1</use>
<logicalDatatype>LOGDT007</logicalDatatype>
<ownDataTypeParameters>,,</ownDataTypeParameters>
<autoIncrementCycle>false</autoIncrementCycle>
</Column>
<Column name="fe_start_lat" id="E8A58800-F54C-C083-07AF-C8FD78C1D55A">
<createdBy>jtan0045</createdBy>
<createdTime>2020-10-14 02:47:51 UTC</createdTime>
<commentInRDBMS><![CDATA[Estimated start latitude of fire event]]></commentInRDBMS>
<generatorID>13892B27-206B-A7F1-66C8-8943A307887B</generatorID>
<ownerDesignName>fdas_logical</ownerDesignName>
<useDomainConstraints>false</useDomainConstraints>
<use>1</use>
<logicalDatatype>LOGDT019</logicalDatatype>
<dataTypePrecision>6</dataTypePrecision>
<dataTypeScale>4</dataTypeScale>
<ownDataTypeParameters>,6,4</ownDataTypeParameters>
<autoIncrementCycle>false</autoIncrementCycle>
</Column>
<Column name="fe_start_long" id="8EAE5ABC-EF69-7D51-0EAD-7C71347A56B5">
<createdBy>jtan0045</createdBy>
<createdTime>2020-10-14 02:47:51 UTC</createdTime>
<commentInRDBMS><![CDATA[Estimated start longitude of fire event]]></commentInRDBMS>
<generatorID>627B52DF-B7FF-DA20-B719-47C75B653A77</generatorID>
<ownerDesignName>fdas_logical</ownerDesignName>
<useDomainConstraints>false</useDomainConstraints>
<use>1</use>
<logicalDatatype>LOGDT019</logicalDatatype>
<dataTypePrecision>7</dataTypePrecision>
<dataTypeScale>4</dataTypeScale>
<ownDataTypeParameters>,7,4</ownDataTypeParameters>
<autoIncrementCycle>false</autoIncrementCycle>
</Column>
<Column name="fe_ha_burnt" id="E233A2E0-C69F-83AD-5650-3328FF9F9683">
<createdBy>jtan0045</createdBy>
<createdTime>2020-10-14 02:47:51 UTC</createdTime>
<commentInRDBMS><![CDATA[The number of hectares burnt in the given fire event]]></commentInRDBMS>
<generatorID>733E6A36-58BD-564D-521A-447F5F369C9F</generatorID>
<ownerDesignName>fdas_logical</ownerDesignName>
<useDomainConstraints>false</useDomainConstraints>
<use>1</use>
<logicalDatatype>LOGDT019</logicalDatatype>
<dataTypePrecision>9</dataTypePrecision>
<dataTypeScale>2</dataTypeScale>
<defaultValue>0</defaultValue>
<ownDataTypeParameters>,9,2</ownDataTypeParameters>
<autoIncrementCycle>false</autoIncrementCycle>
</Column>
<Column name="fe_lives_lost" id="9F2D4107-076E-B782-7AB8-797EF6FEDF8E">
<createdBy>jtan0045</createdBy>
<createdTime>2020-10-14 02:47:51 UTC</createdTime>
<commentInRDBMS><![CDATA[Number of lives lost in fire event]]></commentInRDBMS>
<generatorID>F600192A-D2E2-E6E6-4265-5C8FB0FD378F</generatorID>
<ownerDesignName>fdas_logical</ownerDesignName>
<useDomainConstraints>false</useDomainConstraints>
<use>1</use>
<logicalDatatype>LOGDT019</logicalDatatype>
<dataTypePrecision>5</dataTypePrecision>
<defaultValue>0</defaultValue>
<ownDataTypeParameters>,5,</ownDataTypeParameters>
<autoIncrementCycle>false</autoIncrementCycle>
</Column>
<Column name="fe_total_dam" id="3EB9B880-AB4B-2083-CD23-79AE5F397D35">
<createdBy>jtan0045</createdBy>
<createdTime>2020-10-14 02:47:51 UTC</createdTime>
<commentInRDBMS><![CDATA[Total costs of damage from fire event, in dollars]]></commentInRDBMS>
<generatorID>4282C4C9-F36D-80A1-438D-65D5299171C1</generatorID>
<ownerDesignName>fdas_logical</ownerDesignName>
<useDomainConstraints>false</useDomainConstraints>
<use>1</use>
<logicalDatatype>LOGDT019</logicalDatatype>
<dataTypePrecision>10</dataTypePrecision>
<dataTypeScale>2</dataTypeScale>
<defaultValue>0</defaultValue>
<ownDataTypeParameters>,10,2</ownDataTypeParameters>
<autoIncrementCycle>false</autoIncrementCycle>
</Column>
<Column name="fe_started_from" id="3F651564-9B6F-CB48-35FA-1CF5492259B4">
<createdBy>jtan0045</createdBy>
<createdTime>2020-10-14 02:47:51 UTC</createdTime>
<commentInRDBMS><![CDATA[Unique identifier of fire event]]></commentInRDBMS>
<generatorID>92A97261-84A8-EABE-CA0A-9F4134217689</generatorID>
<ownerDesignName>fdas_logical</ownerDesignName>
<nullsAllowed>true</nullsAllowed>
<useDomainConstraints>false</useDomainConstraints>
<use>1</use>
<logicalDatatype>LOGDT025</logicalDatatype>
<dataTypeSize>9</dataTypeSize>
<ownDataTypeParameters>9,,</ownDataTypeParameters>
<previousColumn>false</previousColumn>
<autoIncrementCycle>false</autoIncrementCycle>
<associations>
<colAssociation fkAssociation="3186981A-7D99-9A84-5F46-4DB4D7CEC020" referredColumn="60A488F3-8C2F-26D5-62E3-BD20B58A7C3C"/>
</associations>
</Column>
</columns>
<indexes itemClass="oracle.dbtools.crest.model.design.relational.Index">
<ind_PK_UK id="85A27F42-5BDB-D207-B351-6B7C7C0DBF7D" name="FIRE_EVENT_PK">
<createdBy>jtan0045</createdBy>
<createdTime>2020-10-14 02:47:51 UTC</createdTime>
<generatorID>A1978C48-0629-7ACD-626E-28897D31F9BE</generatorID>
<ownerDesignName>fdas_logical</ownerDesignName>
<pk>true</pk>
<indexState>Primary Constraint</indexState>
<isSurrogateKey>false</isSurrogateKey>
<indexColumnUsage>
<colUsage columnID="60A488F3-8C2F-26D5-62E3-BD20B58A7C3C"/>
</indexColumnUsage>
</ind_PK_UK>
<ind_PK_UK id="C8BB1B74-2DFD-A024-36D8-57D5138556AB" name="FIRE_EVENT_STARTS">
<createdBy>jtan0045</createdBy>
<createdTime>2020-10-14 02:47:51 UTC</createdTime>
<generatorID>424A0A51-BE59-6427-650A-FA55059211E4</generatorID>
<ownerDesignName>fdas_logical</ownerDesignName>
<indexState>Foreign Key</indexState>
<isSurrogateKey>false</isSurrogateKey>
<indexColumnUsage>
<colUsage columnID="3F651564-9B6F-CB48-35FA-1CF5492259B4"/>
</indexColumnUsage>
</ind_PK_UK>
</indexes>
</Table>
