--Joleen Tang, 28796527
--FIT2094 Tutorial 10

set echo on
spool week7_insert_output.txt

INSERT INTO STUDENT VALUES(11111111, 'Bloggs', 'Fred', TO_DATE('01-Jan-1990', 'dd-mon-yyyy'));
INSERT INTO STUDENT VALUES(11111112, 'Nice', 'Nick', TO_DATE('10-Oct-1994', 'dd-mon-yyyy'));
INSERT INTO STUDENT VALUES(11111113, 'Wheat', 'Wendy', TO_DATE('05-May-1990', 'dd-mon-yyyy'));
INSERT INTO STUDENT VALUES(11111114, 'Sheen', 'Cindy', TO_DATE('25-Dec-1996', 'dd-mon-yyyy'));

INSERT INTO UNIT VALUES('FIT9999', 'FIT Last Unit');
INSERT INTO UNIT VALUES('FIT5132', 'Introduction to Databases');
INSERT INTO UNIT VALUES('FIT5016', 'Project');
INSERT INTO UNIT VALUES('FIT5111', 'Student''s Life');

INSERT INTO ENROLMENT VALUES(11111111, 'FIT5132', 2013, '1', 35, 'N');
INSERT INTO ENROLMENT VALUES(11111111, 'FIT5016', 2013, '1', 61, 'C');
INSERT INTO ENROLMENT VALUES(11111111, 'FIT5132', 2013, '2', 42, 'N');
INSERT INTO ENROLMENT VALUES(11111111, 'FIT5111', 2013, '2', 76, 'D');
INSERT INTO ENROLMENT VALUES(11111111, 'FIT5132', 2014, '2', NULL, NULL);
INSERT INTO ENROLMENT VALUES(11111112, 'FIT5132', 2013, '2', 83, 'HD');
INSERT INTO ENROLMENT VALUES(11111112, 'FIT5111', 2013, '2', 79, 'D');
INSERT INTO ENROLMENT VALUES(11111113, 'FIT5132', 2014, '2', NULL, NULL);
INSERT INTO ENROLMENT VALUES(11111113, 'FIT5111', 2014, '2', NULL, NULL);
INSERT INTO ENROLMENT VALUES(11111114, 'FIT5111', 2014, '2', NULL, NULL);

CREATE SEQUENCE STUDENT_SEQ START WITH 11111115;

INSERT INTO STUDENT VALUES(STUDENT_SEQ.NEXTVAL, 'Mouse', 'Mickey', TO_DATE('21-Apr-1999', 'dd-mon-yyyy'));

INSERT INTO ENROLMENT VALUES(STUDENT_SEQ.CURRVAL, 'FIT5132', 2016, '2', NULL, NULL);

INSERT INTO STUDENT VALUES(STUDENT_SEQ.NEXTVAL, 'World', 'Hello', TO_DATE('1-Jan-2000', 'dd-mon-yyyy'));

INSERT INTO ENROLMENT VALUES(STUDENT_SEQ.CURRVAL, (SELECT UNIT_CODE FROM UNIT WHERE UNIT_NAME='Introduction to Databases'), 2016, '2', NULL, NULL);

DROP TABLE FIT5132_STUDENT PURGE;

CREATE TABLE FIT5132_STUDENT AS SELECT * FROM ENROLMENT WHERE UNIT_CODE='FIT5132';

--FIT5132_STUDENT contains:
--11111111	FIT5132	2013	1	35	N 
--11111111	FIT5132	2013	2	42	N 
--11111111	FIT5132	2014	2		
--11111112	FIT5132	2013	2	83	HD
--11111113	FIT5132	2014	2		
--11111115	FIT5132	2016	2		
--11111116	FIT5132	2016	2		

spool off
set echo off